,"Greece, EURIBOR, 12 Month, Fixing","Bahrain, BHIBOR, 1 Year, Fixing, Ask","Germany, EURIBOR, 12 Month, Fixing","United States, LIBOR, 12 Month, Fixing","United Kingdom, LIBOR, 12 Month, Fixing","Japan, LIBOR, 12 Month, Fixing","France, EURIBOR, 12 Month, Fixing","Singapore, 12 Month","Spain, LIBOR, 12 Month, Fixing","Switzerland, LIBOR, 12 Month, Fixing","Italy, LIBOR, 12 Month, Fixing","Belgium, EURIBOR, 12 Month, Fixing","Netherlands, EURIBOR, 12 Month, Fixing","Finland, EURIBOR, 12 Month, Fixing","Hong Kong, HIBOR, 12 Month, Fixing","Czech Republic, PRIBOR, 12 Month, Fixing","Portugal, EURIBOR, 12 Month, Fixing","Romania, ROBOR, 12 Month, Fixing","Denmark, CIBOR, 12 Month, Fixing"
01/01/1970,,3.75,,,,,,,,,,,,,,,,,
01/02/1970,,3.75,,,,,,,,,,,,,,,,,
01/03/1970,,3.75,,,,,,,,,,,,,,,,,
01/04/1970,,3.75,,,,,,,,,,,,,,,,,
01/05/1970,,3.75,,,,,,,,,,,,,,,,,
01/06/1970,,3.75,,,,,,,,,,,,,,,,,
01/07/1970,,3.75,,,,,,,,,,,,,,,,,
01/08/1970,,3.75,,,,,,,,,,,,,,,,,
01/09/1970,,3.75,,,,,,,,,,,,,,,,,
01/10/1970,,3.75,,,,,,,,,,,,,,,,,
01/11/1970,,3.75,,,,,,,,,,,,,,,,,
01/12/1970,,3.75,,,,,,,,,,,,,,,,,
01/01/1971,,3.75,,,,,,,,,,,,,,,,,
01/02/1971,,3.75,,,,,,,,,,,,,,,,,
01/03/1971,,3.75,,,,,,,,,,,,,,,,,
01/04/1971,,3.75,,,,,,,,,,,,,,,,,
01/05/1971,,3.75,,,,,,,,,,,,,,,,,
01/06/1971,,3.75,,,,,,,,,,,,,,,,,
01/07/1971,,3.75,,,,,,,,,,,,,,,,,
01/08/1971,,3.75,,,,,,,,,,,,,,,,,
01/09/1971,,3.75,,,,,,,,,,,,,,,,,
01/10/1971,,3.75,,,,,,,,,,,,,,,,,
01/11/1971,,3.75,,,,,,,,,,,,,,,,,
01/12/1971,,3.75,,,,,,,,,,,,,,,,,
01/01/1972,,3.75,,,,,,,,,,,,,,,,,
01/02/1972,,3.75,,,,,,,,,,,,,,,,,
01/03/1972,,3.75,,,,,,,,,,,,,,,,,
01/04/1972,,3.75,,,,,,,,,,,,,,,,,
01/05/1972,,3.75,,,,,,,,,,,,,,,,,
01/06/1972,,3.75,,,,,,,,,,,,,,,,,
01/07/1972,,3.75,,,,,,,,,,,,,,,,,
01/08/1972,,3.75,,,,,,,,,,,,,,,,,
01/09/1972,,3.75,,,,,,,,,,,,,,,,,
01/10/1972,,3.75,,,,,,,,,,,,,,,,,
01/11/1972,,3.75,,,,,,,,,,,,,,,,,
01/12/1972,,3.75,,,,,,,,,,,,,,,,,
01/01/1973,,3.75,,,,,,,,,,,,,,,,,
01/02/1973,,3.75,,,,,,,,,,,,,,,,,
01/03/1973,,3.75,,,,,,,,,,,,,,,,,
01/04/1973,,3.75,,,,,,,,,,,,,,,,,
01/05/1973,,3.75,,,,,,,,,,,,,,,,,
01/06/1973,,3.75,,,,,,,,,,,,,,,,,
01/07/1973,,3.75,,,,,,,,,,,,,,,,,
01/08/1973,,3.75,,,,,,,,,,,,,,,,,
01/09/1973,,3.75,,,,,,,,,,,,,,,,,
01/10/1973,,3.75,,,,,,,,,,,,,,,,,
01/11/1973,,3.75,,,,,,,,,,,,,,,,,
01/12/1973,,3.75,,,,,,,,,,,,,,,,,
01/01/1974,,3.75,,,,,,,,,,,,,,,,,
01/02/1974,,3.75,,,,,,,,,,,,,,,,,
01/03/1974,,3.75,,,,,,,,,,,,,,,,,
01/04/1974,,3.75,,,,,,,,,,,,,,,,,
01/05/1974,,3.75,,,,,,,,,,,,,,,,,
01/06/1974,,3.75,,,,,,,,,,,,,,,,,
01/07/1974,,3.75,,,,,,,,,,,,,,,,,
01/08/1974,,3.75,,,,,,,,,,,,,,,,,
01/09/1974,,3.75,,,,,,,,,,,,,,,,,
01/10/1974,,3.75,,,,,,,,,,,,,,,,,
01/11/1974,,3.75,,,,,,,,,,,,,,,,,
01/12/1974,,3.75,,,,,,,,,,,,,,,,,
01/01/1975,,3.75,,,,,,,,,,,,,,,,,
01/02/1975,,3.75,,,,,,,,,,,,,,,,,
01/03/1975,,3.75,,,,,,,,,,,,,,,,,
01/04/1975,,3.75,,,,,,,,,,,,,,,,,
01/05/1975,,3.75,,,,,,,,,,,,,,,,,
01/06/1975,,3.75,,,,,,,,,,,,,,,,,
01/07/1975,,3.75,,,,,,,,,,,,,,,,,
01/08/1975,,3.75,,,,,,,,,,,,,,,,,
01/09/1975,,3.75,,,,,,,,,,,,,,,,,
01/10/1975,,3.75,,,,,,,,,,,,,,,,,
01/11/1975,,3.75,,,,,,,,,,,,,,,,,
01/12/1975,,3.75,,,,,,,,,,,,,,,,,
01/01/1976,,3.75,,,,,,,,,,,,,,,,,
01/02/1976,,3.75,,,,,,,,,,,,,,,,,
01/03/1976,,3.75,,,,,,,,,,,,,,,,,
01/04/1976,,3.75,,,,,,,,,,,,,,,,,
01/05/1976,,3.75,,,,,,,,,,,,,,,,,
01/06/1976,,3.75,,,,,,,,,,,,,,,,,
01/07/1976,,3.75,,,,,,,,,,,,,,,,,
01/08/1976,,3.75,,,,,,,,,,,,,,,,,
01/09/1976,,3.75,,,,,,,,,,,,,,,,,
01/10/1976,,3.75,,,,,,,,,,,,,,,,,
01/11/1976,,3.75,,,,,,,,,,,,,,,,,
01/12/1976,,3.75,,,,,,,,,,,,,,,,,
01/01/1977,,3.75,,,,,,,,,,,,,,,,,
01/02/1977,,3.75,,,,,,,,,,,,,,,,,
01/03/1977,,3.75,,,,,,,,,,,,,,,,,
01/04/1977,,3.75,,,,,,,,,,,,,,,,,
01/05/1977,,3.75,,,,,,,,,,,,,,,,,
01/06/1977,,3.75,,,,,,,,,,,,,,,,,
01/07/1977,,3.75,,,,,,,,,,,,,,,,,
01/08/1977,,3.75,,,,,,,,,,,,,,,,,
01/09/1977,,3.75,,,,,,,,,,,,,,,,,
01/10/1977,,3.75,,,,,,,,,,,,,,,,,
01/11/1977,,3.75,,,,,,,,,,,,,,,,,
01/12/1977,,3.75,,,,,,,,,,,,,,,,,
01/01/1978,,3.75,,,,,,,,,,,,,,,,,
01/02/1978,,3.75,,,,,,,,,,,,,,,,,
01/03/1978,,3.75,,,,,,,,,,,,,,,,,
01/04/1978,,3.75,,,,,,,,,,,,,,,,,
01/05/1978,,3.75,,,,,,,,,,,,,,,,,
01/06/1978,,3.75,,,,,,,,,,,,,,,,,
01/07/1978,,3.75,,,,,,,,,,,,,,,,,
01/08/1978,,3.75,,,,,,,,,,,,,,,,,
01/09/1978,,3.75,,,,,,,,,,,,,,,,,
01/10/1978,,3.75,,,,,,,,,,,,,,,,,
01/11/1978,,3.75,,,,,,,,,,,,,,,,,
01/12/1978,,3.75,,,,,,,,,,,,,,,,,
01/01/1979,,3.75,,,,,,,,,,,,,,,,,
01/02/1979,,3.75,,,,,,,,,,,,,,,,,
01/03/1979,,3.75,,,,,,,,,,,,,,,,,
01/04/1979,,3.75,,,,,,,,,,,,,,,,,
01/05/1979,,3.75,,,,,,,,,,,,,,,,,
01/06/1979,,3.75,,,,,,,,,,,,,,,,,
01/07/1979,,3.75,,,,,,,,,,,,,,,,,
01/08/1979,,3.75,,,,,,,,,,,,,,,,,
01/09/1979,,3.75,,,,,,,,,,,,,,,,,
01/10/1979,,3.75,,,,,,,,,,,,,,,,,
01/11/1979,,3.75,,,,,,,,,,,,,,,,,
01/12/1979,,3.75,,,,,,,,,,,,,,,,,
01/01/1980,,3.75,,,,,,,,,,,,,,,,,
01/02/1980,,3.75,,,,,,,,,,,,,,,,,
01/03/1980,,3.75,,,,,,,,,,,,,,,,,
01/04/1980,,3.75,,,,,,,,,,,,,,,,,
01/05/1980,,3.75,,,,,,,,,,,,,,,,,
01/06/1980,,3.75,,,,,,,,,,,,,,,,,
01/07/1980,,3.75,,,,,,,,,,,,,,,,,
01/08/1980,,3.75,,,,,,,,,,,,,,,,,
01/09/1980,,3.75,,,,,,,,,,,,,,,,,
01/10/1980,,3.75,,,,,,,,,,,,,,,,,
01/11/1980,,3.75,,,,,,,,,,,,,,,,,
01/12/1980,,3.75,,,,,,,,,,,,,,,,,
01/01/1981,,3.75,,,,,,,,,,,,,,,,,
01/02/1981,,3.75,,,,,,,,,,,,,,,,,
01/03/1981,,3.75,,,,,,,,,,,,,,,,,
01/04/1981,,3.75,12.5,,,,,,,,,,,,,,,,
01/05/1981,,3.75,13.45,,,,,,,,,,,,,,,,
01/06/1981,,3.75,12.9,,,,,,,,,,,,,,,,
01/07/1981,,3.75,12.95,,,,,,,,,,,,,,,,
01/08/1981,,3.75,13.05,,,,,,,,,,,,,,,,
01/09/1981,,3.75,12.05,,,,,,,,,,,,,,,,
01/10/1981,,3.75,11.78,,,,,,,,,,,,,,,,
01/11/1981,,3.75,10.3,,,,,,,,,,,,,,,,
01/12/1981,,3.75,10.55,,,,,,,,,,,,,,,,
01/01/1982,,3.75,10.2,,,,,,,,,,,,,,,,
01/02/1982,,3.75,10.25,,,,,,,,,,,,,,,,
01/03/1982,,3.75,9.45,,,,,,,,,,,,,,,,
01/04/1982,,3.75,9,,,,,,,,,,,,,,,,
01/05/1982,,3.75,8.93,,,,,,,,,,,,,,,,
01/06/1982,,3.75,9.7,,,,,,,,,,,,,,,,
01/07/1982,,3.75,9.5,,,,,,,,,,,,,,,,
01/08/1982,,3.75,8.5,,,,,,,,,,,,,,,,
01/09/1982,,3.75,8.25,,,,,,,,,,,,,,,,
01/10/1982,,3.75,7.3,,,,,,,,,,,,,,,,
01/11/1982,,3.75,7.35,,,,,,,,,,,,,,,,
01/12/1982,,3.75,6.4,,,,,,,,,,,,,,,,
01/01/1983,,3.75,6,,,,,,,,,,,,,,,,
01/02/1983,,3.75,5.85,,,,,,,,,,,,,,,,
01/03/1983,,3.75,5.45,,,,,,,,,,,,,,,,
01/04/1983,,3.75,5.65,,,,,,,,,,,,,,,,
01/05/1983,,3.75,6.2,,,,,,,,,,,,,,,,
01/06/1983,,3.75,6.45,,,,,,,,,,,,,,,,
01/07/1983,,3.75,6.45,,,,,,,,,,,,,,,,
01/08/1983,,3.75,6.9,,,,,,,,,,,,,,,,
01/09/1983,,3.75,6.8,,,,,,,,,,,,,,,,
01/10/1983,,3.75,6.55,,,,,,,,,,,,,,,,
01/11/1983,,3.75,6.85,,,,,,,,,,,,,,,,
01/12/1983,,3.75,6.65,,,,,,,,,,,,,,,,
01/01/1984,,3.75,6.8,,,,,,,,,,,,,,,,
01/02/1984,,3.75,6.43,,,,,,,,,,,,,,,,
01/03/1984,,3.75,6.3,,,,,,,,,,,,,,,,
01/04/1984,,3.75,6.25,,,,,,,,,,,,,,,,
01/05/1984,,3.75,6.85,,,,,,,,,,,,,,,,
01/06/1984,,3.75,6.8,,,,,,,,,,,,,,,,
01/07/1984,,3.75,6.85,,,,,,,,,,,,,,,,
01/08/1984,,3.75,6.5,,,,,,,,,,,,,,,,
01/09/1984,,3.75,6.35,,,,,,,,,,,,,,,,
01/10/1984,,3.75,6.1,,,,,,,,,,,,,,,,
01/11/1984,,3.75,5.85,,,,,,,,,,,,,,,,
01/12/1984,,3.75,5.85,,,,,,,,,,,,,,,,
01/01/1985,,3.75,6.15,,,,,,,,,,,,,,,,
01/02/1985,,3.75,6.7,,,,,,,,,,,,,,,,
01/03/1985,,3.75,6.7,,,,,,,,,,,,,,,,
01/04/1985,,3.75,6.2,,,,,,,,,,,,,,,,
01/05/1985,,3.75,5.9,,,,,,,,,,,,,,,,
01/06/1985,,3.75,5.75,,,,,,,,,,,,,,,,
01/07/1985,,3.75,5.2,,,,,,,,,,,,,,,,
01/08/1985,,3.75,4.75,,,,,,,,,,,,,,,,
01/09/1985,,3.75,4.85,,,,,,,,,,,,,,,,
01/10/1985,,3.75,5.1,,,,,,,,,,,,,,,,
01/11/1985,,3.75,4.95,,,,,,,,,,,,,,,,
01/12/1985,,3.75,4.95,,,,,,,,,,,,,,,,
01/01/1986,,3.75,4.8,,,,,,,,,,,,,,,,
01/02/1986,,3.75,4.63,7.9375,11.75,5.625,,,,,,,,,,,,,
01/03/1986,,3.75,4.65,7.4375,10.4375,5.1875,,,,,,,,,,,,,
01/04/1986,,3.75,4.55,6.9375,9.5625,4.75,,,,,,,,,,,,,
01/05/1986,,3.75,4.65,7.375,9.5625,5,,,,,,,,,,,,,
01/06/1986,,3.75,4.73,6.9375,9.75,4.7344,,,,,,,,,,,,,
01/07/1986,,3.75,4.75,6.6875,10.0313,4.8125,,,,,,,,,,,,,
01/08/1986,,3.75,4.5,5.875,9.75,4.75,,,,,,,,,,,,,
01/09/1986,,3.75,4.65,6.3125,11.0469,4.9063,,,,,,,,,,,,,
01/10/1986,,3.75,4.73,6.0469,11.25,4.6563,,,,,,,,,,,,,
01/11/1986,,3.75,4.75,6.125,11.5,4.5781,,,,,,,,,,,,,
01/12/1986,,3.75,4.83,6.3125,11.125,4.4375,,,,,,,,,,,,,
01/01/1987,,3.75,4.25,6.25,10.875,4.125,,,,,,,,,,,,,
01/02/1987,,3.75,4.15,6.5625,10.375,4.1875,8.625,,,,,,,,,,,,
01/03/1987,,3.75,4.1,6.8125,9.75,4.0625,8.1875,,,,,,,,,,,,
01/04/1987,,3.75,4.05,7.8125,9.25,4,8.375,,,,,,,,,,,,
01/05/1987,,3.75,3.85,8.0625,9.1875,4,8.6875,,,,,,,,,,,,
01/06/1987,,3.75,3.93,7.75,9.4375,4.125,8.9375,,,,,,,,,,,,
01/07/1987,,3.75,4.15,7.6875,10.0625,4.2969,8.875,5,,,,,,,,,,,
01/08/1987,,3.75,4.35,7.9375,10.98438,4.3594,8.9375,5,,,,,,,,,,,
01/09/1987,,3.75,4.6,9,10.625,5.1875,9.0625,5.5,,,,,,,,,,,
01/10/1987,,3.75,4.3,8,9.3125,4.625,9.1875,5.5,,,,,,,,,,,
01/11/1987,,3.75,3.98,8.3125,9.125,4.4375,9.1406,4.5,,,,,,,,,,,
01/12/1987,,3.75,3.7,7.875,7.875,4.3281,9.125,4.5,,,,,,,,,,,
01/01/1988,,3.75,3.65,7.375,9.34375,4.3125,8.6875,3.88,,,,,,,,,,,
01/02/1988,,3.75,3.6,7.25,9.8125,4.3125,8.375,3.63,,,,,,,,,,,
01/03/1988,,3.75,3.6,7.5625,9.1875,4.3125,8.5781,3.63,,,,,,,,,,,
01/04/1988,,3.75,3.78,8,9.25,4.375,8.4375,3.75,,,,,,,,,,,
01/05/1988,,3.75,4,8.5,8.84375,4.4688,7.9844,4.38,,,,,,,,,,,
01/06/1988,,3.75,4.83,8.375,10.3125,4.75,7.8125,4.63,,,,,,,,,,,
01/07/1988,,3.75,5.55,8.875,11,4.9375,7.9375,5.13,,,,,,,,,,,
01/08/1988,,3.75,5.75,9.1875,12.3125,5.1875,8.6875,5.75,,,,,,,,,,,
01/09/1988,,3.75,5.38,8.9375,11.8125,5,8.375,5.63,,,,,,,,,,,
01/10/1988,,3.75,5.13,8.75,11.8125,4.5,8.375,5.63,,,,,,,,,,,
01/11/1988,,3.75,5.25,9.375,13,4.5,8.5,5.5,,,,,,,,,,,
01/12/1988,,3.75,5.58,9.625,12.9375,4.75,8.75,5.63,,,,,,,,,,,
01/01/1989,,3.75,6.28,9.75,12.5625,4.75,9.125,5.56,,,,,,,,,,,
01/02/1989,,3.75,7.3,10.75,13.25,5,9.8125,5.56,9.65625,6.25,9.65625,,,,,,,,
01/03/1989,,3.75,6.95,11.0625,12.9375,4.9375,9.3125,5.5,9.375,6.20313,9.375,,,,,,,,
01/04/1989,,3.75,6.9,10.125,12.9375,5.125,9,5.44,9.1875,6.625,9.1875,,,,,,,,
01/05/1989,,3.75,7.55,9.5,13.8125,5.375,9.25,5.44,9.5625,7.8125,9.5625,,,,,,,,
01/06/1989,,3.75,7.25,9,14.1875,5.5625,9.4375,5.44,9.8125,7.25,9.8125,,,,,,,,
01/07/1989,,3.75,6.95,8.25,13.375,5.375,9,5.38,9.25,6.79688,9.25,,,,,,,,
01/08/1989,,3.75,7.23,8.9375,13.6875,5.5,9.1875,5.25,9.6875,7.375,9.6875,,,,,,,,
01/09/1989,,3.75,7.93,9.0625,14.5625,5.6875,9.75,5.31,10.4375,7.8125,10.4375,,,,,,,,
01/10/1989,,3.75,8.1,8.4375,14.6875,6.5,10.125,5.38,10.5625,7.9375,10.5625,,,,,,,,
01/11/1989,,3.75,8.25,8.25,14.75,6.6875,10.6953,5.63,10.96875,7.875,10.96875,10.06,,,,,,,
01/12/1989,,3.75,8.3,8.25,14.6875,6.875,11.25,5.69,11.3125,8.625,11.3125,10.31,,,,,,,
01/01/1990,,3.75,8.63,8.6875,15,7.3125,11.25,6.38,11.375,9.4375,11.375,10.81,,,,,,,
01/02/1990,,3.75,9.15,8.6875,15.3125,7.59375,11.3125,6.38,11.75,9.375,11.75,10.94,9.39,15.39,,,,,
01/03/1990,,3.75,8.98,8.9375,15.625,7.75,10.625,6.5,10.875,9.0625,10.875,10.31,8.89,14.82,,,,,
01/04/1990,,3.75,9.08,9.25,16,7.6875,10.125,7,11.1875,9.375,11.1875,10.38,9.25,14.41,,,,,
01/05/1990,,3.75,8.88,8.75,15.125,7.4375,10.3125,7.13,14.76563,8.625,12.17188,9.81,8.83,13.18,,,,,
01/06/1990,,3.75,8.83,8.4375,14.6875,7.8125,10.375,7.19,14.73438,8.5,11.76563,9.5,8.81,14.08,,,,,
01/07/1990,,3.75,8.66167,8,14.5625,8,10.0625,7.19,14.35938,8.625,11.7344,9.31,8.66,13.11,,,,,
01/08/1990,,3.75,8.96208,8.25,14.5625,8.5,10.625,6.94,14.84375,8.6875,12.1094,9.88,8.91,13.82,,,,,
01/09/1990,,3.75,9.03083,8.4375,14.5625,8.875,10.8594,6.75,15.09375,8.4375,11.9844,9.69,9,14.49,,,,,
01/10/1990,,3.75,9,8.125,12.75,8.42188,10.4375,6.75,14.5781,8.375,11.6875,9.56,8.93,14.85,,,,,
01/11/1990,,3.75,9.30083,8,12.5,8.3125,10.375,6.13,14.4844,8.625,12.2813,9.69,9.23,14.16,,,,,
01/12/1990,,3.75,9.43833,7.5625,12.89063,7.8125,10.5625,5.25,14.7969,8.5625,12.8125,10.06,9.51,14,,,,,
01/01/1991,,3.75,9.47917,7.25,12.875,7.75,10.3203,5.13,14.5469,8.0625,12.5156,9.94,9.39,13.28,,,,,
01/02/1991,,3.75,9.11,7.0625,11.75,7.5,9.5937,5.13,13.8125,7.875,12.375,9.44,9.05,13.63,7.25,,,,
01/03/1991,,3.75,9.31583,7,11.625,7.42188,9.625,5,12.7344,8,11.5938,9.5,9.3,13.95,7.63,,,,
01/04/1991,,3.75,9.36,6.75,11.375,7.625,9.4375,5.38,12.8438,8.1875,11.8125,9.38,9.31,12.46,7.25,,,,
01/05/1991,,3.75,9.15667,6.625,11.0625,7.4375,9.3164,5.81,11.8125,7.875,11.5625,9.13,9.16,11.82,8.25,,,,
01/06/1991,,3.75,9.27583,7,10.9375,7.625,9.6641,6.19,11.9688,7.875,11.8906,9.5,9.26,11.75,8.13,,,,
01/07/1991,,3.75,9.565,6.625,10.9375,7.0625,9.875,6,12.625,7.875,12.1563,9.75,9.53,11.54,7.25,,,,
01/08/1991,,3.75,9.5,6,10.625,6.8125,9.5664,5.5,12.2344,7.875,12.125,9.5,9.49,11.72,6.88,,,,
01/09/1991,,3.75,9.4425,5.75,10.1875,6.125,9.5625,5.13,11.8906,8,11.7969,9.5,9.39,12.67,6.38,,,,
01/10/1991,,3.75,9.48125,5.375,10.375,5.8125,9.3437,4.63,12.2188,8.375,11.375,9.56,9.48,13,6.25,,,,
01/11/1991,,3.75,9.4725,5,10.625,5.6875,9.6875,4.13,12.5781,7.9375,11.875,9.56,9.49,12.37,5.5,,,,
01/12/1991,,3.75,9.63833,4.3125,10.96094,5.25,10.0468,3.88,12.75,8,12.4688,9.63,9.61,12.46,5,,,,
01/01/1992,,3.75,9.36167,4.6875,10.375,4.875,9.6875,3.88,12.4844,7.4375,11.7969,9.44,9.25,12.1,4.88,,,,
01/02/1992,,3.75,9.42,4.75,10.125,4.9375,9.75,3.88,12.3125,7.4375,11.875,9.3875,9.36,11.97,5.25,,,,
01/03/1992,,3.75,9.75,5.0625,11.0625,4.75,10.1875,4.13,12.4375,8.375,12.25,9.75,9.65,12.16,5.5,,,,
01/04/1992,,3.75,9.75,4.75,10.42188,4.6875,10.0312,3.94,12.3594,8.4375,12.3438,9.62812,9.52,13.37,5.25,,,,
01/05/1992,,3.75,9.73792,4.6875,10,4.6875,9.875,3.88,12.4219,8.875,12.5,9.5625,9.48,13.27,4.5,13.25,,,
01/06/1992,,3.75,9.74292,4.3125,10.0625,4.375,10.0351,3.63,12.75,8.875,13.375,9.63125,9.52,14.06,4.63,13.5,,,
01/07/1992,,3.75,9.80875,3.8125,10.4375,3.90625,10.4375,3.25,13.6875,8.5,15.3594,9.82188,9.7,14.2,4.13,12.69,,,
01/08/1992,,3.75,9.89375,3.75,10.875,3.70313,10.7148,3.13,14.0156,7.82813,15.7969,10,9.81,15.06,4,14,,,
01/09/1992,,3.75,8.963,3.375,8.51563,3.8125,11.2812,2.69,15.625,6.8125,15.75,8.99375,8.77,14.45,4,15.63,,,
01/10/1992,,3.75,8.10167,3.875,6.72656,3.75,9.0078,2.75,13.5313,6.0625,13.5781,8.21875,8.01,12.08,4.13,14.94,,,
01/11/1992,,3.75,8.06167,4.3125,6.875,3.75,9.2968,3,14.4531,6.01563,13.8438,7.88125,7.82,11.07,4.88,15.13,,,
01/12/1992,,3.75,7.89667,4.0625,6.86719,3.75,9.9375,3,14.3125,5.5625,13.25,7.49375,7.46,10.27,4.88,15,,,
01/01/1993,,3.75,7.60467,3.6875,6.0625,3.39063,10.0234,2.94,13.5156,5.1875,11.9688,7.5,7.45,10.4,4.63,15.19,,,
01/02/1993,,3.75,7.38167,3.625,5.8125,3.25,9.8984,2.81,13.7188,4.9375,11.3125,7.77656,7.13,8.77,4.13,15.69,,,
01/03/1993,,3.75,6.885,3.625,5.89844,3.4375,8.5234,2.63,13.0313,4.625,11.7344,7.35188,6.69,8.61,3.94,20.5,,,
01/04/1993,,3.75,6.89617,3.5,6.375,3.375,7.5,3.13,13.0938,4.59375,11.2188,7.1875,6.63,8.06,3.81,17.63,,,
01/05/1993,,3.75,6.85133,3.875,6.09375,3.5,6.9766,3.19,10.5938,4.8125,10.625,6.56094,6.34,7.79,3.75,16.75,,,
01/06/1993,,3.75,6.79,3.75,6,3.3125,6.3125,3.13,10.0469,4.60938,9.48438,6.3125,6.14,7.25,4.25,15.69,,,
01/07/1993,,3.75,6.41458,3.75,5.6875,3.1875,7.3594,3.19,10.25,4.5,9.0625,7.25,6.02,7.25,4.13,14.25,,,
01/08/1993,,3.75,6.06583,3.5625,5.6875,2.75,6.2734,3.13,9.51563,4.4375,8.48438,7.625,5.87,6.22,4.13,14.23,,,
01/09/1993,,3.75,6.0525,3.5625,5.8125,2.5625,6.3203,3.13,9.4375,4.3125,8.5,8,5.8,6.58,4,13.8,10.547,,
01/10/1993,,3.75,5.80167,3.625,5.5,2.3125,6,2.63,8.98438,4.125,8.375,7.35938,5.64,6.09,3.63,13.42,10.5,,
01/11/1993,,3.75,5.5,3.8125,5.3125,2,5.8125,3,8.60938,4,8.73438,6.5625,5.26,5.74,3.88,12.48,10.625,,
01/12/1993,,3.75,5.31917,3.8125,5.25,1.85938,5.5781,3.25,8.23438,3.75,7.9375,6.10625,4.9,5.25,4,11.6,10.625,,
01/01/1994,,3.75,5.38833,3.6875,5.3125,2.1875,5.6641,3.75,8.0625,3.75,8,6.1875,4.86,5.02,4,10.63,10.1095,,
01/02/1994,,3.75,5.5,4.3125,5.25781,2.4375,5.875,3.75,8.25,4,8.25,6.28516,5.09,5.09,4.44,10.4,9.75,,
01/03/1994,,3.75,5.49479,4.75,5.79688,2.4375,6,3.88,8.0625,4.0625,8.25,6.17813,5.31,5.41,4.88,10.26,9.875,,
01/04/1994,,3.75,5.3225,5.3125,5.875,2.625,5.793,4.38,7.9375,4,8.0625,5.79297,5.27,5.94,5.25,9.28,10.5,,
01/05/1994,,3.75,5.15208,5.5625,6.0625,2.4375,5.6914,4.31,7.90625,4.26563,8.10938,5.5625,5.15,6.28,5.63,8.33,11,,
01/06/1994,,3.75,5.20125,5.8125,6.1875,2.48438,6.043,4.25,8.3125,4.64063,9.125,6.05719,5.24,6.93,5.88,8.33,12.1875,,
01/07/1994,,3.75,5.14833,5.8125,6.625,2.5,5.9883,4.06,8.4375,4.625,9.375,6.0625,5.21,6.79,6,8.57,11.9845,,
01/08/1994,,3.75,5.375,5.8125,6.9375,2.75,6.4023,4.5,8.8125,4.76563,10.375,6.375,5.41,7.33,6,8.52,11.75,,
01/09/1994,,3.75,5.70583,6.3125,7.5,2.6875,6.418,4.25,9.125,4.75,9.9375,6.53484,5.75,7.01,6.25,9.57,10.75,,
01/10/1994,,3.75,5.66083,6.5,7.42188,2.84375,6.3281,4.06,9.10938,4.625,10.0938,6.1875,5.75,6.7,6.38,11.09,10.625,,
01/11/1994,,3.75,5.64542,7.25,7.4375,2.75,6.25,4.94,9.125,4.5625,10,6.07031,5.78,6.75,6.88,11.83,10.7035,,
01/12/1994,,3.75,5.89042,7.75,8,2.625,7.125,4.94,10.1563,4.79688,10.625,6.24554,5.94,7.22,7.56,12.76,11.1405,,
01/01/1995,,3.75,5.75,7.25,7.8125,2.5,6.75,4,10.25,4.5625,10.25,6.375,5.83,7.07,7.75,10.93,11.3438,,
01/02/1995,,3.75,5.7275,6.75,7.8125,2.4375,6.9414,3.88,10.1406,4.4375,11.2188,6.375,5.77,6.95,7.5,10.5,11.25,,
01/03/1995,,3.75,5.15042,6.8125,7.66406,1.76563,7.4766,3.5,10.7188,3.75,11.8438,6.3125,5.25,7.03,7,10.46,11.8283,,
01/04/1995,,3.75,4.92767,6.625,7.75,1.5625,7.2227,3.13,10.4844,3.6875,11.5,5.9375,4.9,6.6,6.88,10.42,11.563,,
01/05/1995,,3.75,4.62467,6,7.25,1.0625,6.7969,2.25,10.5625,3.4375,11.0313,5.35156,4.55,6.24,6.63,10.45,11,,
01/06/1995,,3.75,4.77125,5.98438,7.5625,1.0625,6.6875,2.63,10.5,3.39063,11.6563,5.12125,4.59,6.87,6.25,11.68,10.9845,,
01/07/1995,,3.75,4.65108,5.9375,7.1875,0.75,6.0703,3.25,10.3125,3.0625,11.1875,4.85,4.44,6.78,6,11.68,10.25,,
01/08/1995,,3.75,4.34917,5.9375,6.98438,0.8125,5.7852,3.25,9.74219,2.9375,10.625,4.55125,4.14,6.19,6.5,11.11,9.875,44.81,
01/09/1995,,3.75,4.115,6,6.875,0.53125,6.375,3.13,9.75,2.48438,10.9063,4.55125,4.02,6.2,6.38,11.12,9.8595,42.68,
01/10/1995,,3.75,4.1,5.8125,6.83594,0.5625,6.125,3.25,9.75,2.125,10.7656,4.4,4.05,5.56,6.13,11.24,9.563,42.86,
01/11/1995,,3.75,3.85292,5.625,6.42188,0.53125,5.7969,3,9.41406,1.9375,10.5703,4,3.75,4.71,6,11.17,9.0315,49.97,5.3
01/12/1995,,3.75,3.696,5.42578,6.375,0.5625,5.0313,2.88,9.03125,1.8125,10.1875,3.8,3.56,4.54,6,10.55,8.875,54.11,4.91
01/01/1996,,3.75,3.3,5.125,6.14844,0.71875,4.4375,3,8.53906,1.84375,9.4375,3.37,3.11,4.37,5.88,10.45,8.2657,55.25,4.49
01/02/1996,14.42,3.75,3.45708,5.3125,6.25,1.0625,4.5039,2.56,8.375,1.9375,9.5,3.48,3.33,4.55,5.38,10.8,8.063,57.19,4.7
01/03/1996,14.54,3.75,3.46933,5.72266,6.4375,0.83594,4.5,2.75,8.28125,1.9375,9.8125,3.5,3.26,4.27,5.88,11.22,7.845,58.17,4.485
01/04/1996,14.54,3.75,3.31775,5.8125,6.375,1.125,4,2.63,7.375,2,8.625,3.35,2.96,4.14,5.75,11.48,7.05,54.98,3.9675
01/05/1996,14.74,3.75,3.41617,6,6.4375,0.88672,4.1016,2.75,7.44531,2.75,8.4375,3.38,2.94,4.2,5.88,11.79,7.145,54.64,4.25
01/06/1996,15.3,3.75,3.681,6.125,6.125,0.96875,4.2383,3,7.25,2.8125,8.25,3.65,3.36,4.06,6.13,12.62,7.25,53.75,4.305
01/07/1996,14.43,3.75,3.58633,6.21875,6.08594,1.06641,4.125,3.56,7.39844,2.76563,8.49219,3.69,3.57,4.08,6.32031,12.84,7.35,52.98,4.345
01/08/1996,13.57,3.75,3.35833,6.09766,6.00781,0.70703,4.1875,3.63,7.25,2.375,8.375,3.49,3.19,3.84,6.25,12.43,7.1925,52.57,4.265
01/09/1996,13.38,3.75,3.27575,5.98828,6.25,0.70703,3.7539,3.5,6.86719,1.76563,7.79297,3.29,3.08,3.55,6.26563,12.42,7.0325,54.98,4.05
01/10/1996,13.21,3.75,3.32692,5.75,6.6875,0.60547,3.6563,3.5,6.75781,1.96484,7.1875,3.28,3.23,3.49,6.125,12.27,6.7175,54.27,3.98
01/11/1996,12.97,3.75,3.33,5.6875,6.96094,0.59766,3.625,3.56,6.1875,2.1875,6.64844,3.31,3.27,3.42,6.09375,12.27,6.31,54.21,3.944
01/12/1996,12.51,3.75,3.25733,5.78906,7.04688,0.57813,3.4336,3.38,5.92969,1.9375,6.625,3.26,3.23,3.37,6.09375,12.18,6.005,54.88,3.894
01/01/1997,11.55,3.75,3.22292,5.9375,6.8125,0.56641,3.3418,3.25,5.53906,1.875,6.78125,3.25,3.16,3.4,6.125,11.21,5.6,61.63,3.81
01/02/1997,11.44,3.75,3.30333,5.96875,6.6875,0.56641,3.4141,3.31,5.875,1.78125,6.9375,3.38,3.28,3.32,6.13281,11.77,5.9575,144.79,3.792
01/03/1997,10.93,3.75,3.41967,6.27344,7,0.71094,3.5391,3.5,5.875,1.93359,7.3125,3.53,3.43,3.54,6.46875,11.97,6.1725,146.26,4.122
01/04/1997,10.61,3.75,3.37567,6.3125,7.0625,0.77734,3.5957,3.63,5.44531,1.94141,6.85156,3.47,3.41,3.44,6.58594,11.71,5.72,112.61,3.962
01/05/1997,10.7,3.75,3.354,6.25781,7.0625,0.9375,3.7539,3.94,5.21094,1.40625,6.8125,3.5,3.42,3.42,6.64844,21.36,5.4325,78.48,3.926
01/06/1997,11.14,3.75,3.26667,5.48438,7.3125,0.87891,3.5215,3.88,5.17969,1.61328,6.49219,3.43,3.36,3.46,6.58594,17.26,5.45,56.52,3.894
01/07/1997,10.97,3.75,3.45333,5.9375,7.5,0.73047,3.625,4,5.1875,1.75,6.52344,3.66,3.57,3.54,7.10938,14.88,5.3,46.62,3.902
01/08/1997,11.02,3.75,3.64867,6.03125,7.625,0.66016,3.72656,4.25,5.25,1.8125,6.5625,3.88,3.76,3.72,8.27679,14.59,5.32,56.19,4.098
01/09/1997,11,3.75,3.76467,6,7.57422,0.625,3.79296,4.19,4.92188,1.90625,5.81641,3.94,3.84,4.07,7.50446,14.58,4.9575,53.31,4.206
01/10/1997,24.29,3.75,4.08867,5.91797,7.5625,0.5625,4.10351,5.25,4.96875,2.25,5.875,4.27,4.09,4.35,12.57143,16.33,5.105,52.96,4.47
01/11/1997,14.29,3.75,4.09133,6.01172,7.92578,0.67188,4.08203,6,4.75,2.09375,5.42578,4.19,4.1,4.23,10.96429,17.26,4.905,74.31,4.428
01/12/1997,15.13,3.75,3.934,5.96875,7.6875,0.73438,3.99414,7,4.625,1.82422,5.22266,4.07,3.9,4.08,11.61161,17.02,4.7525,83.62,4.358
01/01/1998,17.33,3.75,3.78467,5.65625,7.46094,0.75391,3.83789,8,4.41406,1.52734,5.26563,3.86,3.78,3.77,13.86607,16.5,4.4875,85.38,4.176
01/02/1998,17.06,3.75,3.756,5.79297,7.5625,0.73047,3.78711,5.75,4.3125,1.28125,5.125,3.83,3.73,3.73,9.24554,16.17,4.27,89.82,4.12
01/03/1998,12.11,3.75,3.84333,5.89063,7.60938,0.67188,3.875,5.25,4.15625,1.75,4.625,3.92,3.76,3.84,8.52232,15.97,4.14,90.82,4.172
01/04/1998,12.28,3.75,3.97333,5.99219,7.4375,0.64844,3.98828,5.25,4.21875,1.85547,4.5625,4.08,3.92,3.97,8.46429,15.71,4.19,86.57,4.3175
01/05/1998,12.3,3.75,3.88067,5.875,7.5,0.58203,3.88671,6.75,4.24219,1.87891,4.5625,3.99,3.9,4.01,10.10714,16.18,4.245,63.07,4.32
01/06/1998,12.31,3.75,3.87067,5.84375,8,0.70313,3.875,6.38,4.21875,2.24609,4.5,3.98,3.85,3.96,11.96429,15.35,4.2025,63.79,4.185
01/07/1998,12.06,3.75,3.804,5.82422,7.8125,0.66797,3.84375,5.88,4.15625,2.15625,4.36719,3.89,3.79,3.9,10.58929,13.03,4.1575,63.29,4.285
01/08/1998,13.98,3.75,3.64214,5.53125,7.375,0.63672,3.6875,5.25,4.01563,1.81641,4.3125,3.73,3.63,3.79,14.41071,14.55,4.075,70.36,4.6125
01/09/1998,12.77,3.75,3.56357,5.0625,6.9375,0.48438,3.5996,4.25,3.8125,1.6875,3.99219,3.6,3.54,3.63,9.63393,12.91,3.8525,74.5,4.8125
01/10/1998,11.6,3.75,3.5,4.75125,6.56094,0.46516,3.5039,3,3.605,1.41656,3.7025,3.55,3.42,3.52,8.25,11.68,3.65,75.79,4.45
01/11/1998,11.06,3.75,3.45643,5.12563,6.37844,0.50094,3.4375,2.88,3.5275,1.79875,3.49625,3.5,3.45,3.52,7.44196,9.24,3.595,83,4.2375
01/12/1998,10.82,3.75,3.213,5.09844,5.62813,0.58344,3.213,2.75,3.20625,1.70719,3.20625,3.213,3.213,3.213,6.74554,8.93,3.2575,90.61,4.1425
01/01/1999,10.61,3.75,2.981,5.05813,5.5025,0.48453,2.981,2.5,3.02203,1.50833,3.02203,2.981,2.981,2.981,7.875,8.07,3.0543,83.39,3.6475
01/02/1999,9.88,3.75,3.071,5.39375,5.35031,0.30125,3.071,2.75,3.11232,1.445,3.11232,3.071,3.071,3.071,7.76339,8.18,3.0898,89.82,3.5625
01/03/1999,9.51,3.75,2.967,5.25,5.25,0.24484,2.967,2.63,3.00935,1.43833,3.00935,2.967,2.967,2.967,7.25,7.14,3.0341,98.4,3.455
01/04/1999,9.3,3.75,2.676,5.23,5.37063,0.1975,2.676,2,2.71418,1.19,2.71418,2.676,2.676,2.676,6.33036,6.87,2.7223,94.83,3.1475
01/05/1999,9.22,3.75,2.687,5.5578,5.44781,0.14,2.687,2.25,2.72673,1.25,2.72673,2.687,2.687,2.687,6.96875,7.12,2.7299,90.72,3.32
01/06/1999,9.01,3.75,2.936,5.84,5.5,0.285,2.936,2.5,2.97767,1.605,2.97767,2.936,2.936,2.936,6.98214,6.99,2.991,93.4,3.395
01/07/1999,9.11,3.75,3.13,5.89125,5.81094,0.2275,3.13,2.75,3.17347,1.68333,3.17347,3.13,3.13,3.13,7.40625,6.67,3.1659,89.44,3.655
01/08/1999,9.2,3.75,3.281,6.06,5.91188,0.23375,3.281,3,3.32682,1.78167,3.32682,3.281,3.281,3.281,7.53571,6.55,3.3129,83.12,3.7525
01/09/1999,9.09,3.75,3.348,6.035,6.35531,0.2275,3.348,3,3.3959,2.06167,3.3959,3.348,3.348,3.348,7.08929,6.75,3.3991,70.39,3.8075
01/10/1999,9.39,3.75,3.749,6.25,6.50891,0.23625,3.749,3,3.80082,2.43333,3.80082,3.749,3.749,3.749,7.22768,6.19,3.8376,66.57,4.2525
01/11/1999,9.3,3.75,3.788,6.28625,6.54328,0.25625,3.788,3,3.84239,2.24667,3.84239,3.788,3.788,3.788,6.95536,5.88,3.8426,75.17,4.24
01/12/1999,8.58,3.75,3.876,6.5,6.70813,0.2725,3.876,3.13,3.93199,2.20667,3.93199,3.876,3.876,3.876,6.95982,5.75,3.944,70.17,4.3125
01/01/2000,7.4,3.75,4.068,6.75,6.84313,0.24,4.068,3,4.12653,2.67333,4.12653,4.068,4.068,4.068,7,6.01,4.1316,75.83,4.495
01/02/2000,7.09,3.75,4.156,6.76375,6.76891,0.2425,4.156,2.88,4.21778,3.08333,4.21778,4.156,4.156,4.156,6.98661,5.82,4.2355,74,4.7375
01/03/2000,6.99,3.75,4.303,6.94375,6.8075,0.28,4.303,2.88,4.30375,3.44,4.30375,4.303,4.303,4.303,6.91071,5.59,4.3876,56.67,4.7875
01/04/2000,6.88,3.75,4.565,7.10125,6.70203,0.27875,4.565,2.81,4.56938,3.72667,4.56938,4.565,4.565,4.565,7.05357,5.5,4.6208,56.17,5.28
01/05/2000,6.9,3.75,4.985,7.50125,6.69313,0.25125,4.985,3.13,4.99,3.86,4.99,4.985,4.985,4.985,7.60491,5.56,5.0289,53.67,5.5625
01/06/2000,6.7,3.75,5.037,7.18,6.54047,0.3875,5.037,2.94,5.03688,3.84167,5.03688,5.037,5.037,5.037,7.13839,5.77,5.1353,49.33,6.195
01/07/2000,6.52,3.75,5.177,7.08,6.53047,0.3375,5.177,2.88,5.17688,3.97333,5.17688,5.177,5.177,5.177,6.8125,5.73,5.2722,43.83,6.3725
01/08/2000,6.56,3.75,5.313,6.97,6.55625,0.49563,5.313,2.81,5.31038,3.9,5.31038,5.313,5.313,5.313,6.77679,5.71,5.4243,47.33,6.05
01/09/2000,5.9,3.75,5.195,6.80125,6.37875,0.54625,5.195,2.81,5.1925,3.73667,5.1925,5.195,5.195,5.195,6.64509,5.74,5.3001,50.83,5.945
01/10/2000,5.89,3.75,5.291,6.73,6.305,0.535,5.291,2.81,5.28625,3.68167,5.28625,5.291,5.291,5.291,6.53348,5.8,5.3837,52.5,5.705
01/11/2000,5.47,3.75,5.091,6.555,6.04,0.53625,5.091,2.94,5.0875,3.61333,5.0875,5.091,5.091,5.091,6.3817,5.96,5.2114,50.62,5.655
01/12/2000,4.749,3.75,4.749,6,5.80938,0.535,4.749,2.94,4.75,3.36833,4.75,4.749,4.749,4.749,5.81696,5.85,4.8489,50.88,5.4025
01/01/2001,4.533,3.75,4.533,5.17375,5.58359,0.4325,4.533,2.56,4.52938,3.29667,4.52938,4.533,4.533,4.533,5.10491,5.41,4.6537,51.62,5.196
01/02/2001,4.539,3.75,4.539,4.88375,5.49375,0.26,4.539,2.13,4.54,3.3,4.54,4.539,4.539,4.539,4.91295,5.14,4.6385,55.12,5.09
01/03/2001,4.322,3.75,4.322,4.6675,5.28047,0.14125,4.322,2.5,4.32625,3.08333,4.32625,4.322,4.322,4.322,4.90402,4.96,4.4104,53.12,4.8625
01/04/2001,4.692,3.75,4.692,4.44125,5.21469,0.11625,4.692,2.38,4.69188,3.18833,4.69188,4.692,4.692,4.692,4.60045,5.01,4.7703,52.12,5.1125
01/05/2001,4.434,3.75,4.434,4.2425,5.36375,0.0975,4.434,2.44,4.43063,3.205,4.43063,4.434,4.434,4.434,4.25,5.09,4.5219,50,4.9275
01/06/2001,4.317,3.75,4.317,4.18375,5.69984,0.09375,4.317,2.38,4.31338,3.12667,4.31338,4.317,4.317,4.317,4.09598,5.38,4.3952,43.38,4.8425
01/07/2001,4.226,3.75,4.226,3.82,5.39,0.11,4.226,2.38,4.22763,3.04333,4.22763,4.226,4.226,4.226,3.84821,5.89,4.3217,40,4.6725
01/08/2001,3.975,3.75,3.975,3.56375,5.03297,0.09438,3.975,2.38,3.97563,2.88,3.97563,3.975,3.975,3.975,3.54018,5.82,4.0961,40.88,4.43
01/09/2001,3.496,3.75,3.496,2.6425,4.51125,0.09813,3.496,2.13,3.49263,2.31333,3.49263,3.496,3.496,3.496,2.625,5.43,3.5714,41.5,3.92
01/10/2001,3.201,3.75,3.201,2.27188,4.19875,0.09438,3.201,1.13,3.20013,1.895,3.20013,3.201,3.201,3.201,2.45982,5.11,3.2977,40.44,3.635
01/11/2001,3.217,3.75,3.217,2.38625,4.205,0.10213,3.217,1.56,3.22,2.095,3.22,3.217,3.217,3.217,2.49777,4.73,3.2799,39,3.5975
01/12/2001,3.341,3.75,3.341,2.4425,4.51125,0.10563,3.341,1.63,3.3375,2.00167,3.3375,3.341,3.341,3.341,2.72321,4.48,3.4168,38.75,3.7425
01/01/2002,3.624,3.75,3.624,2.49125,4.58,0.1,3.624,1.38,3.61988,2.10167,3.61988,3.624,3.624,3.624,2.65179,4.45,3.6956,38.12,3.965
01/02/2002,3.613,3.75,3.613,2.43,4.50875,0.11,3.613,1.31,3.61288,2.125,3.61288,3.613,3.613,3.613,2.64732,4.38,3.6982,37.75,3.8875
01/03/2002,3.953,3.75,3.953,3.0025,4.85422,0.10375,3.953,1.44,3.95163,2.18667,3.95163,3.953,3.953,3.953,3.27009,4.58,4.0353,36.69,4.205
01/04/2002,3.759,3.75,3.759,2.63375,4.70484,0.10125,3.759,1.25,3.7555,2.06,3.7555,3.759,3.759,3.759,2.75,4.05,3.811,35.06,4.1075
01/05/2002,3.963,3.75,3.963,2.59125,4.84797,0.105,3.963,1.25,3.95788,1.83,3.95788,3.963,3.963,3.963,2.6808,4.05,4.018,32.31,4.2875
01/06/2002,3.765,3.75,3.765,2.28625,4.67438,0.1,3.765,1.13,3.76188,1.72833,3.76188,3.765,3.765,3.765,2.33036,3.66,3.817,30.38,4.115
01/07/2002,3.539,3.75,3.539,2.09,4.29266,0.09625,3.539,0.94,3.538,1.14833,3.538,3.539,3.539,3.539,2.11161,3.25,3.588,29.06,3.905
01/08/2002,3.401,3.75,3.401,1.89625,4.11813,0.09688,3.401,1.06,3.4,0.98833,3.4,3.401,3.401,3.401,1.9375,3.08,3.448,26.94,3.645
01/09/2002,3.113,3.75,3.113,1.725,3.95109,0.09438,3.113,1.38,3.10913,0.84667,3.10913,3.113,3.113,3.113,1.92634,2.79,3.156,25.56,3.3675
01/10/2002,3.125,3.75,3.125,1.63625,3.97875,0.095,3.125,1.13,3.11625,0.84667,3.11625,3.125,3.125,3.125,1.97545,2.7,3.168,23.31,3.36
01/11/2002,3.017,3.75,3.017,1.7275,4.2725,0.09438,3.017,1,3.01963,0.94167,3.01963,3.017,3.017,3.017,1.96205,2.73,3.059,21.56,3.22
01/12/2002,2.749,3.75,2.749,1.44938,3.99375,0.09375,2.749,1,2.73925,0.685,2.73925,2.749,2.749,2.749,1.69196,2.55,2.787,19.63,2.9275
01/01/2003,2.636,3.75,2.636,1.45,3.90203,0.09438,2.636,0.94,2.63325,0.715,2.63325,2.636,2.636,2.636,1.71429,2.58,2.673,17.66,2.8
01/02/2003,2.412,3.75,2.412,1.38125,3.53266,0.09313,2.412,0.75,2.4065,0.58,2.4065,2.412,2.412,2.412,1.65402,2.36,2.446,17.38,2.5475
01/03/2003,2.394,3.75,2.394,1.28,3.56875,0.09375,2.394,0.81,2.393,0.50333,2.393,2.394,2.394,2.394,1.50446,2.39,2.427,17.03,2.54
01/04/2003,2.423,3.75,2.423,1.3575,3.56031,0.09375,2.423,0.75,2.41913,0.52667,2.41913,2.423,2.423,2.423,1.6875,2.48,2.457,16.94,2.555
01/05/2003,2.142,3.75,2.142,1.21125,3.50625,0.09063,2.142,0.69,2.13938,0.40167,2.13938,2.142,2.142,2.142,1.3817,2.38,2.172,16.94,2.2525
01/06/2003,2.06,3.75,2.06,1.19,3.55875,0.08938,2.06,0.69,2.06,0.43667,2.06,2.06,2.06,2.06,1.31027,2.22,2.089,19.13,2.1125
01/07/2003,2.112,3.75,2.112,1.26625,3.56188,0.08688,2.112,0.88,2.11025,0.46667,2.11025,2.112,2.112,2.112,1.44643,2.26,2.141,18.63,2.18
01/08/2003,2.315,3.75,2.315,1.43,3.98,0.095,2.315,1.06,2.31625,0.49333,2.31625,2.315,2.315,2.315,1.51116,2.13,2.347,19.72,2.3825
01/09/2003,2.13,3.75,2.13,1.3,4.03391,0.09563,2.13,0.94,2.13125,0.43333,2.13125,2.13,2.13,2.13,1.20536,2.14,2.16,20.13,2.235
01/10/2003,2.386,3.75,2.386,1.48,4.48875,0.0925,2.386,1.25,2.38825,0.53667,2.38825,2.386,2.386,2.386,1.3125,2.2,2.419,20.06,2.49
01/11/2003,2.47,3.75,2.47,1.5625,4.58734,0.094,2.47,1.25,2.46625,0.64583,2.46625,2.47,2.47,2.47,1.13616,2.25,2.504,20.06,2.6
01/12/2003,2.304,3.75,2.304,1.45688,4.43375,0.09263,2.304,1.13,2.3,0.58,2.3,2.304,2.304,2.304,0.70982,2.34,2.337,20.19,2.45
01/01/2004,2.263,3.75,2.263,1.47625,4.58,0.09,2.263,1,2.26038,0.53,2.26038,2.263,2.263,2.263,0.73884,2.31,2.294,20.06,2.395
01/02/2004,2.086,3.75,2.086,1.3675,4.54688,0.08875,2.086,0.94,2.082,0.45667,2.082,2.086,2.086,2.086,0.61384,2.33,2.115,20.19,2.205
01/03/2004,1.983,3.75,1.983,1.35125,4.755,0.08875,1.983,0.88,1.97625,0.45833,1.97625,1.983,1.983,1.983,0.64732,2.26,2.011,20.06,2.1075
01/04/2004,2.239,3.75,2.239,1.83,4.885,0.08875,2.239,1,2.23925,0.73,2.23925,2.239,2.239,2.239,1.32254,2.44,2.27,19.97,2.36
01/05/2004,2.307,3.75,2.307,2.0575,5.22,0.0875,2.307,1.13,2.31375,0.785,2.31375,2.307,2.307,2.307,1.33371,2.64,2.339,19.97,2.405
01/06/2004,2.426,3.75,2.426,2.4625,5.28125,0.09313,2.426,1.13,2.41888,1.115,2.41888,2.426,2.426,2.426,1.60826,3.02,2.46,19.59,2.5325
01/07/2004,2.387,3.75,2.387,2.43375,5.3775,0.09438,2.387,1.25,2.39,1.04167,2.39,2.387,2.387,2.387,1.87165,2.96,2.42,18.91,2.5
01/08/2004,2.296,3.75,2.296,2.3,5.2275,0.09313,2.296,1.44,2.29575,0.925,2.29575,2.296,2.296,2.296,1.71763,3.09,2.328,17.88,2.39
01/09/2004,2.392,3.75,2.392,2.4825,5.10375,0.09438,2.392,1.56,2.39,1.02,2.39,2.392,2.392,2.392,1.72862,3.24,2.425,17.31,2.4825
01/10/2004,2.307,3.75,2.307,2.54625,5.02125,0.09375,2.307,1.5,2.30525,0.92833,2.30525,2.307,2.307,2.307,1.07326,2.93,2.339,17.31,2.405
01/11/2004,2.302,3.75,2.302,2.98,4.89688,0.0925,2.302,1.5,2.29688,1.05,2.29688,2.302,2.302,2.302,1.33598,2.89,2.334,16.94,2.375
01/12/2004,2.356,3.75,2.356,3.1,4.93125,0.0925,2.356,1.56,2.34875,0.99,2.34875,2.356,2.356,2.356,0.9725,2.81,2.389,16.09,2.4425
01/01/2005,2.287,3.75,2.287,3.26125,4.96875,0.09313,2.287,1.81,2.28525,0.96,2.28525,2.287,2.287,2.287,1.51286,2.37,2.319,14.72,2.36
01/02/2005,2.335,3.75,2.335,3.53,5.17813,0.09313,2.335,2.19,2.33313,1.00667,2.33313,2.335,2.335,2.335,2.46321,2.19,2.367,12.69,2.38
01/03/2005,2.359,3.75,2.359,3.845,5.12188,0.09375,2.359,2.25,2.35863,0.95,2.35863,2.359,2.359,2.359,3.27853,2.09,2.392,9.69,2.4
01/04/2005,2.205,3.75,2.205,3.68625,4.98875,0.08875,2.205,2.25,2.20375,0.85,2.20375,2.205,2.205,2.205,2.6092,1.84,2.236,9.88,2.2483
01/05/2005,2.173,3.75,2.173,3.78,4.7975,0.09313,2.173,2.19,2.17788,0.85,2.17788,2.173,2.173,2.173,3.46045,1.78,2.203,9.47,2.215
01/06/2005,2.082,3.75,2.082,3.88,4.53625,0.09,2.082,2.13,2.08213,0.78,2.08213,2.082,2.082,2.082,3.52732,1.74,2.111,9.59,2.1267
01/07/2005,2.195,3.75,2.195,4.1625,4.48375,0.0925,2.195,2.06,2.19563,0.84167,2.19563,2.195,2.195,2.195,3.79567,1.92,2.225,9.13,2.23
01/08/2005,2.209,3.75,2.209,4.24,4.49813,0.09188,2.209,2.13,2.21125,0.915,2.21125,2.209,2.209,2.209,4.1063,1.85,2.24,8.41,2.245
01/09/2005,2.322,3.75,2.322,4.44,4.5375,0.10125,2.322,2.44,2.32025,1.02833,2.32025,2.322,2.322,2.322,4.34906,1.96,2.354,6.97,2.3483
01/10/2005,2.552,3.75,2.552,4.72,4.64625,0.11063,2.552,2.63,2.55713,1.24167,2.55713,2.552,2.552,2.552,4.68049,2.55,2.587,6.88,2.5867
01/11/2005,2.765,3.75,2.765,4.79,4.66,0.11438,2.765,3.25,2.765,1.46,2.765,2.765,2.765,2.765,4.59696,2.55,2.803,7.25,2.8133
01/12/2005,2.844,3.75,2.844,4.83875,4.56875,0.11688,2.844,3.25,2.8455,1.40833,2.8455,2.844,2.844,2.844,4.4792,2.53,2.884,7.28,2.905
01/01/2006,2.903,3.75,2.903,4.94,4.67938,0.12688,2.903,3.38,2.90538,1.42667,2.90538,2.903,2.903,2.903,4.29527,2.22,2.943,7.45,2.94
01/02/2006,2.981,3.75,2.981,5.15,4.67063,0.22125,2.981,3.44,2.98325,1.58333,2.98325,2.981,2.981,2.981,4.51897,2.16,3.022,8.47,3.1483
01/03/2006,3.233,3.75,3.233,5.2875,4.77938,0.34375,3.233,3.5,3.2335,1.68667,3.2335,3.233,3.233,3.233,4.71616,2.41,3.278,8.56,3.4017
01/04/2006,3.318,3.75,3.318,5.33063,4.86563,0.38438,3.318,3.5,3.32063,1.80333,3.32063,3.318,3.318,3.318,4.73929,2.53,3.364,8.59,3.445
01/05/2006,3.313,3.75,3.313,5.42625,4.93938,0.58,3.313,3.5,3.32288,1.84,3.32288,3.313,3.313,3.313,4.82955,2.37,3.359,8.43,3.4183
01/06/2006,3.512,3.75,3.512,5.69313,5.00563,0.61375,3.512,3.63,3.51588,1.98,3.51588,3.512,3.512,3.512,4.985,2.74,3.561,8.92,3.6383
01/07/2006,3.546,3.75,3.546,5.53938,5.03688,0.6575,3.546,3.63,3.54638,1.97083,3.54638,3.546,3.546,3.546,4.7,2.83,3.595,9.14,3.68
01/08/2006,3.625,3.75,3.625,5.41,5.2425,0.57,3.625,3.56,3.625,2.02167,3.625,3.625,3.625,3.625,4.49857,2.71,3.675,9.23,3.75
01/09/2006,3.716,3.75,3.716,5.2975,5.27438,0.5975,3.716,3.44,3.71388,2.08,3.71388,3.716,3.716,3.716,4.335,3.13,3.768,9.16,3.845
01/10/2006,3.861,3.75,3.861,5.34125,5.43813,0.66688,3.861,3.5,3.85888,2.14,3.85888,3.861,3.861,3.861,4.22429,3.12,3.915,9.03,3.9883
01/11/2006,3.859,3.75,3.859,5.24,5.43375,0.73375,3.859,3.5,3.85863,2.21,3.85863,3.859,3.859,3.859,4.12821,2.98,3.913,9.04,4.0217
01/12/2006,4.028,3.75,4.028,5.32938,5.58188,0.75313,4.028,3.44,4.02475,2.39,4.02475,4.028,4.028,4.028,4.02714,2.81,4.084,8.68,4.19
01/01/2007,4.097,3.75,4.097,5.43,5.87313,0.69,4.097,3.44,4.09275,2.51,4.09275,4.097,4.097,4.097,4.43839,2.93,4.154,8.29,4.2683
01/02/2007,4.058,3.75,4.058,5.23813,5.74188,0.80375,4.058,3.38,4.05913,2.46,4.05913,4.058,4.058,4.058,4.34241,2.81,4.114,7.89,4.225
01/03/2007,4.177,3.75,4.177,5.22,5.86125,0.7815,4.177,2.94,4.18,2.54,4.18,4.177,4.177,4.177,4.25,2.86,4.235,7.78,4.3383
01/04/2007,4.298,3.75,4.298,5.295,5.97813,0.84813,4.298,2.69,4.2985,2.64,4.2985,4.298,4.298,4.298,4.40286,3.04,4.358,8.22,4.4683
01/05/2007,4.455,3.75,4.455,5.39,6.14,0.915,4.455,2.5,4.45563,2.87667,4.45563,4.455,4.455,4.455,4.80643,3.23,4.517,7.66,4.635
01/06/2007,4.528,3.75,4.528,5.42563,6.32375,0.99375,4.528,2.69,4.53,3.05,4.53,4.528,4.528,4.528,4.71786,3.52,4.591,7.58,4.7133
01/07/2007,4.537,3.75,4.537,5.245,6.28625,0.98875,4.537,2.75,4.53963,3.0275,4.53963,4.537,4.537,4.537,4.53,3.73,4.6,7.23,4.6983
01/08/2007,4.781,3.75,4.781,5.275,6.5725,1.14375,4.781,2.88,4.77938,3.0025,4.77938,4.781,4.781,4.781,4.75714,3.8,4.847,7.26,4.9033
01/09/2007,4.726,3.75,4.726,4.90125,6.19375,1.1525,4.726,2.69,4.725,2.99583,4.725,4.726,4.726,4.726,4.85071,3.83,4.792,7.51,4.89
01/10/2007,4.599,3.75,4.599,4.6375,6.15,1.07875,4.599,2.63,4.61313,2.97917,4.61313,4.599,4.599,4.599,4.28429,3.84,4.663,7.78,4.82
01/11/2007,4.692,3.75,4.692,4.4575,6.04938,1.10375,4.692,2.69,4.68813,2.9,4.68813,4.692,4.692,4.692,3.72214,4.1,4.757,8.47,4.855
01/12/2007,4.745,3.75,4.745,4.22375,5.74375,1.0525,4.745,2.63,4.74688,2.97667,4.74688,4.745,4.745,4.745,3.45571,4.23,4.811,8.56,4.9
01/01/2008,4.316,3.75,4.316,2.84938,5.36375,1,4.316,1.69,4.32125,2.72833,4.32125,4.316,4.316,4.316,2.37786,4.09,4.376,9.5,4.6
01/02/2008,4.382,3.75,4.382,2.70875,5.56,1.095,4.382,1.63,4.38688,2.86667,4.38688,4.382,4.382,4.382,2.19714,4.15,4.443,10.69,4.64
01/03/2008,4.725,3.75,4.725,2.48625,5.84375,1.10125,4.725,1.56,4.72563,3.05833,4.72563,4.725,4.725,4.725,2.01643,4.32,4.791,11.12,4.935
01/04/2008,4.955,3.75,4.955,3.07875,5.81438,1.1025,4.955,1.63,4.95688,3.105,4.95688,4.955,4.955,4.955,2.54143,4.27,5.024,11.97,5.1283
01/05/2008,5.097,3.75,5.097,3.16375,6.15375,1.1225,5.097,1.69,5.09125,3.1225,5.09125,5.097,5.097,5.097,2.67143,4.29,5.168,11.43,5.3683
01/06/2008,5.39,3.75,5.39,3.31063,6.44875,1.1575,5.39,1.88,5.39375,3.26,5.39375,5.39,5.39,5.39,3.14214,4.46,5.465,12.01,5.7433
01/07/2008,5.366,3.75,5.366,3.2525,6.17063,1.16125,5.366,1.75,5.36688,3.2,5.36688,5.366,5.366,5.366,3.03786,4.04,5.441,11.9,5.7183
01/08/2008,5.335,3.75,5.335,3.20688,6.02,1.1425,5.335,1.75,5.32688,3.17333,5.32688,5.335,5.335,5.335,2.92857,3.85,5.409,12.77,5.7
01/09/2008,5.495,3.75,5.495,3.9625,6.51875,1.22,5.495,1.88,5.49375,3.275,5.49375,5.495,5.495,5.495,3.31589,4.01,5.571,13.75,5.825
01/10/2008,4.865,3.75,4.865,3.17375,6.01,1.15563,4.865,1.63,4.87125,3.08667,4.87125,4.865,4.865,4.865,3.49286,4.64,4.933,17.69,6.4433
01/11/2008,3.951,3.75,3.951,2.76625,4.11625,1.13125,3.951,1.19,3.9575,1.67,3.9575,3.951,3.951,3.951,2.45071,4.33,4.006,15.92,6.0117
01/12/2008,3.049,3.75,3.049,2.00375,3.07375,1.0875,3.049,1.25,3.05875,1.095,3.05875,3.049,3.049,3.049,1.84929,3.93,3.091,15.46,4.93
01/01/2009,2.273,3.75,2.273,1.975,2.48,0.9825,2.273,0.94,2.2825,0.96333,2.2825,2.273,2.273,2.273,1.69571,2.95,2.305,15.2,3.97
01/02/2009,2.033,3.75,2.033,2.11938,2.38125,0.97075,2.033,0.94,2.03625,0.94667,2.03625,2.033,2.033,2.033,1.63929,2.82,2.061,15.35,3.7883
01/03/2009,1.812,3.75,1.812,1.97188,2.07063,0.94438,1.812,1,1.82563,0.84833,1.82563,1.812,1.812,1.812,1.54071,2.82,1.837,14.77,3.1283
01/04/2009,1.728,3.75,1.728,1.87688,1.915,0.905,1.728,1,1.72875,0.845,1.72875,1.728,1.728,1.728,1.40071,2.83,1.752,13.26,2.985
01/05/2009,1.631,3.75,1.631,1.6,1.7575,0.88338,1.631,1,1.64063,0.84333,1.64063,1.631,1.631,1.631,1.09714,2.62,1.654,11,2.6417
01/06/2009,1.504,3.75,1.504,1.60625,1.69875,0.8675,1.504,1,1.50125,0.80833,1.50125,1.504,1.504,1.504,1.08857,2.58,1.525,10.59,2.4033
01/07/2009,1.355,3.75,1.355,1.4975,1.4238,0.8319,1.355,1,1.35,0.7708,1.35,1.355,1.355,1.355,0.93857,2.56,1.374,9.54,2.2233
01/08/2009,1.304,3.75,1.304,1.33,1.2262,0.815,1.304,1,1.29563,0.7283,1.29563,1.304,1.304,1.304,0.86857,2.42,1.322,9.61,2.052
01/09/2009,1.236,3.75,1.236,1.2638,1.1025,0.7938,1.236,1,1.23813,0.6983,1.23813,1.236,1.236,1.236,0.86929,2.44,1.253,9.43,1.8733
01/10/2009,1.237,3.75,1.237,1.1994,1.1719,0.7519,1.237,1,1.23,0.6883,1.23,1.237,1.237,1.237,0.76643,2.36,1.254,10.34,1.816
01/11/2009,1.234,3.75,1.234,1.0175,1.2162,0.7125,1.234,1,1.22,0.6483,1.22,1.234,1.234,1.234,0.54929,2.3,1.251,10.27,1.854
01/12/2009,1.248,3.75,1.248,0.9844,1.2475,0.6938,1.248,1,1.2175,0.6383,1.2175,1.248,1.248,1.248,0.66929,2.13,1.265,10.48,1.856
01/01/2010,1.225,3.75,1.225,0.8462,1.2638,0.6838,1.225,0.94,1.2025,0.6283,1.2025,1.225,1.225,1.225,0.54929,2.07,1.242,8.46,1.814
01/02/2010,1.215,3.75,1.215,0.8394,1.2956,0.6806,1.215,0.94,1.19625,0.6183,1.19625,1.215,1.215,1.215,0.51,1.98,1.232,7.23,1.83
01/03/2010,1.212,3.75,1.212,0.92,1.3181,0.6775,1.212,0.94,1.18875,0.6383,1.18875,1.212,1.212,1.212,0.58786,1.94,1.229,6.51,1.795
01/04/2010,1.236,3.75,1.236,1.0156,1.3706,0.6712,1.236,0.94,1.21813,0.63,1.21813,1.236,1.236,1.236,0.57,1.91,1.253,6.25,1.81
01/05/2010,1.26,3.75,1.26,1.2041,1.4222,0.6725,1.26,0.88,1.23625,0.5133,1.23625,1.26,1.26,1.26,0.78929,1.78,1.278,7.09,1.775
01/06/2010,1.306,3.75,1.306,1.1731,1.4581,0.6738,1.306,0.88,1.28875,0.4917,1.28875,1.306,1.306,1.306,1.04929,1.76,1.324,7.4,1.73
01/07/2010,1.417,3.75,1.417,1.0367,1.4781,0.6712,1.417,0.88,1.39,0.5017,1.39,1.417,1.417,1.417,0.84,1.77,1.437,7.28,1.7375
01/08/2010,1.414,3.75,1.414,0.8431,1.4627,0.6688,1.414,0.88,1.38688,0.5033,1.38688,1.414,1.414,1.414,0.74857,1.77,1.434,7.22,1.7425
01/09/2010,1.433,3.75,1.433,0.7778,1.4708,0.66,1.433,0.88,1.42,0.515,1.42,1.433,1.433,1.433,0.8,1.79,1.453,7.21,1.75
01/10/2010,1.54,3.75,1.54,0.7622,1.4804,0.6381,1.54,0.81,1.50688,0.5167,1.50688,1.54,1.54,1.54,0.69,1.79,1.561,7.14,1.78
01/11/2010,1.53,3.75,1.53,0.7866,1.4881,0.5863,1.53,0.81,1.4875,0.5267,1.4875,1.53,1.53,1.53,0.74,1.79,1.551,7.05,1.78
01/12/2010,1.507,3.75,1.507,0.7809,1.5094,0.5662,1.507,0.81,1.4725,0.5167,1.4725,1.507,1.507,1.507,0.70071,1.8,1.528,7.02,1.7625
01/01/2011,1.644,3.75,1.644,0.7812,1.5331,0.5675,1.644,0.81,1.57375,0.52,1.57375,1.644,1.644,1.644,0.59143,1.79,1.667,6.48,1.78
01/02/2011,1.767,3.75,1.767,0.7902,1.5762,0.5688,1.767,0.78,1.695,0.525,1.695,1.767,1.767,1.767,0.64,1.81,1.792,6.77,1.81
01/03/2011,1.996,3.75,1.996,0.7825,1.5987,0.5688,1.996,0.81,1.9475,0.5567,1.9475,1.996,1.996,1.996,0.65,1.84,2.024,6.72,1.935
01/04/2011,2.132,3.75,2.132,0.761,1.5916,0.5631,2.132,0.88,2.09688,0.5567,2.09688,2.132,2.132,2.132,0.62,1.84,2.162,6.74,2.0425
01/05/2011,2.138,3.75,2.138,0.7295,1.585,0.56,2.138,0.81,2.10625,0.5417,2.10625,2.138,2.138,2.138,0.62,1.83,2.168,6.72,2.0925
01/06/2011,2.162,3.75,2.162,0.7335,1.5788,0.56,2.162,0.75,2.1375,0.5367,2.1375,2.162,2.162,2.162,0.64071,1.77,2.192,6.7,2.1625
01/07/2011,2.178,3.75,2.178,0.7602,1.5878,0.5594,2.178,0.75,2.16938,0.5287,2.16938,2.178,2.178,2.178,0.66893,1.76,2.208,6.61,2.225
01/08/2011,2.089,3.75,2.089,0.8,1.6497,0.5538,2.089,0.69,2.05625,0.285,2.05625,2.089,2.089,2.089,0.69,1.73,2.118,6.79,2.0175
01/09/2011,2.084,3.75,2.084,0.8649,1.7162,0.5525,2.084,0.69,2.04188,0.2995,2.04188,2.084,2.084,2.084,0.66929,1.73,2.113,6.91,1.8525
01/10/2011,2.121,3.75,2.121,0.9356,1.7603,0.5525,2.121,0.69,2.08188,0.3078,2.08188,2.121,2.121,2.121,0.71214,1.72,2.15,6.91,1.8825
01/11/2011,2.035,3.75,2.035,1.0711,1.8225,0.5556,2.035,0.75,2.01063,0.325,2.01063,2.035,2.035,2.035,0.82071,1.7,2.063,6.8,1.745
01/12/2011,1.947,3.75,1.947,1.1269,1.8684,0.5543,1.947,0.56,1.91343,0.325,1.91343,1.947,1.947,1.947,0.88,1.73,1.974,6.66,1.5825
01/01/2012,1.754,3.75,1.754,1.0957,1.8933,0.5543,1.754,0.56,1.72857,0.3412,1.72857,1.754,1.754,1.754,0.86071,1.74,1.778,6.22,1.59
01/02/2012,1.614,3.75,1.614,1.0598,1.8831,0.5537,1.614,0.56,1.59571,0.3628,1.59571,1.614,1.614,1.614,0.83464,1.77,1.636,5.76,1.586
01/03/2012,1.416,3.75,1.416,1.0485,1.8631,0.5523,1.416,0.56,1.38064,0.392,1.38064,1.416,1.416,1.416,0.84393,1.77,1.436,5.47,1.558
01/04/2012,1.311,3.75,1.311,1.0472,1.8628,0.5523,1.311,0.56,1.2975,0.3928,1.2975,1.311,1.311,1.311,0.86179,1.78,1.329,5.23,1.525
01/05/2012,1.232,3.75,1.232,1.0692,1.8378,0.5523,1.232,0.56,1.22679,0.3862,1.22679,1.232,1.232,1.232,0.88179,1.76,1.249,5.45,1.3775
01/06/2012,1.213,3.75,1.213,1.068,1.6802,0.5523,1.213,0.56,1.18679,0.382,1.18679,1.213,1.213,1.213,0.88964,1.61,1.23,5.48,1.135
01/07/2012,0.946,3.75,0.946,1.0535,1.4884,0.5523,0.946,0.56,0.90393,0.3714,0.90393,0.946,0.946,0.946,0.87143,1.52,0.959,5.61,0.865
01/08/2012,0.805,3.75,0.805,1.032,1.4053,0.5451,0.805,0.56,0.75357,0.3594,0.75357,0.805,0.805,0.805,0.87,1.38,0.816,6.21,0.846
01/09/2012,0.684,3.75,0.684,0.973,1.2956,0.5351,0.684,0.56,0.64929,0.3504,0.64929,0.684,0.684,0.684,0.86071,1.24,0.694,6.11,0.87
01/10/2012,0.618,3.75,0.618,0.8755,1.0956,0.5151,0.618,0.6,0.55071,0.326,0.55071,0.618,0.618,0.618,0.85571,1.05,0.627,6.15,0.858
01/11/2012,0.574,3.75,0.574,0.86,1.0325,0.5116,0.574,0.56,0.48429,0.3084,0.48429,0.574,0.574,0.574,0.85679,0.88,0.582,6.33,0.768
01/12/2012,0.542,3.75,0.542,0.8435,1.0138,0.4871,0.542,0.6,0.44,0.2564,0.44,0.542,0.542,0.542,0.85643,0.87,0.55,6.31,0.78
01/01/2013,0.62,3.75,0.62,0.781,0.9812,0.4714,0.62,0.56,0.49857,0.2744,0.49857,0.62,0.62,0.62,0.84643,0.84,0.629,6.07,0.884
01/02/2013,0.557,3.75,0.557,0.7515,0.9325,0.4564,0.557,0.56,0.44571,0.2684,0.44571,0.557,0.557,0.557,0.845,0.81,0.565,5.91,0.806
01/03/2013,0.547,3.75,0.547,0.7315,0.90938,0.45071,0.547,0.56,0.42786,0.256,0.42786,0.547,0.547,0.547,0.85071,0.76,0.555,5.51,0.745
01/04/2013,0.51,3.75,0.51,0.7045,0.88688,0.44286,0.51,0.56,0.39857,0.2494,0.39857,0.51,0.51,0.51,0.84786,0.76,0.517,5.04,0.7025
01/05/2013,0.478,3.75,0.478,0.6892,0.88313,0.43643,0.478,0.56,0.39071,0.2455,0.39071,0.478,0.478,0.478,0.85571,0.76,0.485,4.59,0.6925
01/06/2013,0.527,3.75,0.527,0.68565,0.8975,0.42071,0.527,0.56,0.46929,0.2464,0.46929,0.527,0.527,0.527,0.86929,0.75,0.534,4.82,0.795
01/07/2013,0.536,3.75,0.536,0.67319,0.85938,0.41429,0.536,0.69,0.46643,0.2434,0.46643,0.536,0.536,0.536,0.87143,0.75,0.543,4.72,0.785
01/08/2013,0.545,3.75,0.545,0.6671,0.87188,0.41357,0.545,0.69,0.47857,0.2404,0.47857,0.545,0.545,0.545,0.87071,0.74,0.553,4.16,0.83
01/09/2013,0.539,1.7975,0.539,0.6294,0.87469,0.40786,0.539,0.68,0.46929,0.2364,0.46929,0.539,0.539,0.539,0.87143,0.73,0.546,3.88,0.8175
01/10/2013,0.548,1.8,0.548,0.6026,0.86781,0.38857,0.548,0.63,0.486,0.221,0.486,0.548,0.548,0.548,0.87286,0.72,0.556,3.43,0.7925
01/11/2013,0.501,1.8,0.501,0.578,0.87225,0.36571,0.501,0.6,0.45214,0.2024,0.45214,0.501,0.501,0.501,0.86357,0.61,0.508,3.36,0.7075
01/12/2013,0.556,1.8125,0.556,0.5831,0.91125,0.37286,0.556,0.63,0.51886,0.2114,0.51886,0.556,0.556,0.556,0.86643,0.6,0.564,3.15,0.74
01/01/2014,0.559,1.8167,0.559,0.5654,0.89313,0.36214,0.559,0.63,0.51743,0.1904,0.51743,0.559,0.559,0.559,0.87039,0.56,0.567,3.26,0.745
01/02/2014,0.549,1.8367,0.549,0.5533,0.895,0.35143,0.549,0.59402,0.51386,0.2024,0.51386,0.549,0.549,0.549,0.86857,0.55,0.557,3.62,0.72
01/03/2014,0.59,1.79,0.59,0.5581,0.91125,0.34429,0.59,0.59027,0.54671,0.1944,0.54671,0.59,0.59,0.59,0.86976,0.55,0.598,3.38,0.7625
01/04/2014,0.614,1.7725,0.614,0.549,0.925,0.34286,0.614,0.59499,0.57071,0.2014,0.57071,0.614,0.614,0.614,0.86429,0.54,0.623,3.43,0.77
01/05/2014,0.572,1.7625,0.572,0.5344,0.93888,0.33714,0.572,0.59499,0.52029,0.1804,0.52029,0.572,0.572,0.572,0.86571,0.53,0.58,3.14,0.74
01/06/2014,0.488,1.7475,0.488,0.5451,1.042,0.32714,0.488,0.59499,0.44029,0.1894,0.44029,0.488,0.488,0.488,0.865,0.53,0.495,2.82,0.77
01/07/2014,0.489,1.7225,0.489,0.5796,1.06838,0.34286,0.489,0.59499,0.445,0.2014,0.445,0.489,0.489,0.489,0.84741,0.52,0.496,2.64,0.78
01/08/2014,0.434,1.6967,0.434,0.5656,1.05338,0.32929,0.434,0.60049,0.38714,0.1744,0.38714,0.434,0.434,0.434,0.84571,0.52,0.44,2.7,0.735
01/09/2014,0.338,1.7125,0.338,0.5786,1.0615,0.31829,0.338,0.60361,0.30214,0.1664,0.30214,0.338,0.338,0.338,0.84143,0.52,0.343,3.01,0.66
01/10/2014,0.34,1.75,0.34,0.5538,1.00744,0.29614,0.34,0.63148,0.31143,0.1644,0.31143,0.34,0.34,0.34,0.83929,0.51,0.345,2.46,0.6725
01/11/2014,0.331,1.7167,0.331,0.5646,0.97119,0.27329,0.331,0.63529,0.30286,0.1504,0.30286,0.331,0.331,0.331,0.84143,0.51,0.336,2.1,0.6625
01/12/2014,0.325,1.7167,0.325,0.6288,0.97556,0.26614,0.325,0.67875,0.29357,0.0344,0.29357,0.325,0.325,0.325,0.84143,0.51,0.33,2.02,0.6275
01/01/2015,0.27,1.7167,0.27,0.6209,0.95588,0.26614,0.27,0.86601,0.235,-0.6296,0.235,0.27,0.27,0.27,0.84143,0.51,0.274,1.77,0.27
01/02/2015,0.233,1.7167,0.233,0.6796,0.98025,0.25186,0.233,0.93841,0.20714,-0.6216,0.20714,0.233,0.233,0.233,0.83929,0.5,0.236,1.67,0.205
01/03/2015,0.198,1.7,0.198,0.6942,0.96588,0.25686,0.198,1.16364,0.19786,-0.6076,0.19786,0.198,0.198,0.198,0.83857,0.48,0.201,1.71,0.245
01/04/2015,0.171,1.7333,0.171,0.70525,0.99088,0.24971,0.171,1.07621,0.17643,-0.5846,0.17643,0.171,0.171,0.171,0.84,0.48,0.173,1.66,0.2075
01/05/2015,0.16,1.775,0.16,0.7497,0.99931,0.25257,0.16,1.01839,0.17286,-0.5946,0.17286,0.16,0.16,0.16,0.84257,0.48,0.162,1.57,0.26
01/06/2015,0.164,1.8,0.164,0.7715,1.04063,0.24257,0.164,1.01367,0.16929,-0.647,0.16929,0.164,0.164,0.164,0.84257,0.48,0.166,1.68,0.27
01/07/2015,0.167,1.8,0.167,0.82835,1.07838,0.24829,0.167,1.06358,0.165,-0.585,0.165,0.167,0.167,0.167,0.84043,0.48,0.169,1.65,0.35
01/08/2015,0.16,1.775,0.16,0.8433,1.049,0.23971,0.16,1.19005,0.15671,-0.561,0.15671,0.16,0.16,0.16,0.879,0.48,0.162,1.73,0.41
01/09/2015,0.142,1.875,0.142,0.8511,1.0415,0.24186,0.142,1.31434,0.12643,-0.56,0.12643,0.142,0.142,0.142,0.874,0.46,0.144,1.75,0.4125
01/10/2015,0.107,1.875,0.107,0.8684,1.03875,0.22614,0.107,1.25233,0.09071,-0.601,0.09071,0.107,0.107,0.107,0.84935,0.45,0.108,1.59,0.3075
01/11/2015,0.048,1.9,0.048,0.9806,1.02525,0.22257,0.048,1.25425,0.04,-0.716,0.04,0.048,0.048,0.048,0.84971,0.45,0.049,1.53,0.255
01/12/2015,0.06,2.05,0.06,1.178,1.07025,0.22286,0.06,1.37575,0.05929,-0.5916,0.05929,0.06,0.06,0.06,0.8502,0.46,0.061,1.52,0.325
01/01/2016,0.015,2.05,0.015,1.13975,0.99713,0.15257,0.015,1.438,0.00329,-0.6232,0.00329,0.015,0.015,0.015,1.35623,0.45,0.015,1.32,0.3225
01/02/2016,-0.024,2,-0.024,1.17875,0.99463,0.07936,-0.024,1.438,-0.02257,-0.6854,-0.02257,-0.024,-0.024,-0.024,1.28357,0.45,-0.024,1.19,0.2775
01/03/2016,-0.005,2.275,-0.005,1.2104,1.00338,0.10314,-0.005,1.37575,-0.016,-0.5442,-0.016,-0.005,-0.005,-0.005,1.26893,0.45,-0.005,1.19,0.2975
01/04/2016,-0.012,2.25,-0.012,1.2295,1.0215,0.10064,-0.012,1.37475,-0.03057,-0.5212,-0.03057,-0.012,-0.012,-0.012,1.28375,0.45,-0.012,1.16,0.2925
01/05/2016,-0.015,2.3,-0.015,1.3374,1.01025,0.08857,-0.015,1.37375,-0.03329,-0.5158,-0.03329,-0.015,-0.015,-0.015,1.27714,0.45,-0.015,1.17,0.24
01/06/2016,-0.051,2.25,-0.051,1.23025,0.92088,0.07536,-0.051,1.3115,-0.05943,-0.584,-0.05943,-0.051,-0.051,-0.051,1.31607,0.45,-0.052,1.21,0.145
01/07/2016,-0.049,2.25,-0.049,1.4321,0.80119,0.09386,-0.049,1.3125,-0.065,-0.5144,-0.065,-0.049,-0.049,-0.049,1.21878,0.45,-0.05,1.2,0.16
01/08/2016,-0.052,2.35,-0.052,1.55711,0.73781,0.09314,-0.052,1.31183,-0.07529,-0.49,-0.07529,-0.052,-0.052,-0.052,1.20536,0.45,-0.053,1.13,0.15
01/09/2016,-0.064,2.35,-0.064,1.55178,0.7565,0.09929,-0.064,1.31183,-0.08186,-0.5016,-0.08186,-0.064,-0.064,-0.064,1.29429,0.45,-0.065,1.09,0.1525
01/10/2016,-0.069,2.35,-0.069,1.57511,0.814,0.115,-0.069,1.31225,-0.07186,-0.488,-0.07186,-0.069,-0.069,-0.069,1.28286,0.45,-0.07,1.09,0.17
01/11/2016,-0.08,2.35,-0.08,1.639,0.79244,0.10529,-0.08,1.39817,-0.07971,-0.5122,-0.07971,-0.08,-0.08,-0.08,1.32201,0.45,-0.081,1.15,0.175
01/12/2016,-0.082,2.625,-0.082,1.68567,0.7765,0.12586,-0.082,1.43759,-0.08629,-0.499,-0.08629,-0.082,-0.082,-0.082,1.57643,0.44,-0.083,1.25,0.155
01/01/2017,-0.101,2.625,-0.101,1.71344,0.77044,0.12843,-0.101,1.435,-0.10186,-0.5086,-0.10186,-0.101,-0.101,-0.101,1.55214,0.44,-0.102,1.2,0.1225
01/02/2017,-0.114,2.575,-0.114,1.75622,0.73506,0.12914,-0.114,1.378,-0.11386,-0.5228,-0.11386,-0.114,-0.114,-0.114,1.49464,0.44,-0.116,1.24,0.0775
01/03/2017,-0.109,2.975,-0.109,1.80178,0.71769,0.14429,-0.109,1.38,-0.12186,-0.4946,-0.12186,-0.109,-0.109,-0.109,1.48836,0.44,-0.111,1.25,0.105
01/04/2017,-0.121,2.975,-0.121,1.774,0.67994,0.135,-0.121,1.38125,-0.14329,-0.4916,-0.14329,-0.121,-0.121,-0.121,1.42507,0.45,-0.123,1.29,0.1075
01/05/2017,-0.131,2.9,-0.131,1.72372,0.6345,0.12543,-0.131,1.37875,-0.16814,-0.4912,-0.16814,-0.131,-0.131,-0.131,1.4125,0.46,-0.133,1.23,0.12
01/06/2017,-0.156,3.05,-0.156,1.73844,0.68025,0.12114,-0.156,1.37575,-0.18686,-0.49,-0.18686,-0.156,-0.156,-0.156,1.40032,0.46,-0.158,1.21,0.115
01/07/2017,-0.151,3.05,-0.151,1.72733,0.62488,0.11143,-0.151,1.37658,-0.18671,-0.498,-0.18671,-0.151,-0.151,-0.151,1.38536,0.49,-0.153,1.21,0.09
01/08/2017,-0.161,3.075,-0.161,1.71344,0.594,0.11086,-0.161,1.37708,-0.20786,-0.5056,-0.20786,-0.161,-0.161,-0.161,1.38046,0.63,-0.163,1.28,0.0325
01/09/2017,-0.172,3.075,-0.172,1.78233,0.72781,0.10371,-0.172,1.37758,-0.221,-0.5106,-0.221,-0.172,-0.172,-0.172,1.38893,0.65,-0.174,1.73,0.015
01/10/2017,-0.185,3.1,-0.185,1.84844,0.77275,0.11386,-0.185,1.37758,-0.23257,-0.523,-0.23257,-0.185,-0.185,-0.185,1.43143,0.77,-0.188,2.12,0.01
01/11/2017,-0.188,3.125,-0.188,1.95169,0.78675,0.11133,-0.188,1.40184,-0.25157,-0.5272,-0.25157,-0.188,-0.188,-0.188,1.50429,0.95,-0.191,2.38,0.0225
01/12/2017,-0.186,3.275,-0.186,2.10697,0.76694,0.12017,-0.186,1.73172,-0.24386,-0.5216,-0.24386,-0.186,-0.186,-0.186,1.53071,0.97,-0.189,2.34,0.0325
01/01/2018,-0.191,3.3,-0.191,2.26671,0.80375,0.1105,-0.191,1.46634,-0.26257,-0.5294,-0.26257,-0.191,-0.191,-0.191,1.52643,1.02,-0.194,2.35,0.02
01/02/2018,-0.191,3.375,-0.191,2.50219,0.90806,0.0985,-0.191,1.67868,-0.255,-0.5314,-0.255,-0.191,-0.191,-0.191,1.52911,1.12,-0.194,2.53,0.0375
01/03/2018,-0.19,3.565,-0.19,2.66263,1.00263,0.11917,-0.19,1.77863,-0.24557,-0.5232,-0.24557,-0.19,-0.19,-0.19,1.98714,1.12,-0.193,2.52,0.03
01/04/2018,-0.189,3.6,-0.189,2.77004,0.9735,0.119,-0.189,1.84604,-0.244,-0.5184,-0.244,-0.189,-0.189,-0.189,2.26679,1.12,-0.192,2.67,0.0525
01/05/2018,-0.184,3.765,-0.184,2.71813,0.88775,0.1135,-0.184,1.84734,-0.23143,-0.5288,-0.23143,-0.184,-0.184,-0.184,2.2975,1.12,-0.187,3.05,0.0275
01/06/2018,-0.181,4.25,-0.181,2.76406,0.96119,0.11567,-0.181,1.85171,-0.23071,-0.521,-0.23071,-0.181,-0.181,-0.181,2.55429,1.35,-0.184,3.31,0.015
01/07/2018,-0.178,4.275,-0.178,2.82781,1.05038,0.12267,-0.178,1.95692,-0.23257,-0.5148,-0.23257,-0.178,-0.178,-0.178,2.52607,1.43,-0.18,3.62,0.0175
01/08/2018,-0.166,4.45,-0.166,2.84,1.04956,0.13833,-0.166,1.95736,-0.21486,-0.5184,-0.21486,-0.166,-0.166,-0.166,2.5275,1.73,-0.168,3.53,0.0225
01/09/2018,-0.159,4.55,-0.159,2.91863,1.06269,0.13867,-0.159,1.96383,-0.21329,-0.5192,-0.21329,-0.159,-0.159,-0.159,2.69214,1.89,-0.161,3.53,0.025
01/10/2018,-0.149,4.55,-0.149,3.08375,1.05906,0.13017,-0.149,1.96975,-0.20843,-0.5322,-0.20843,-0.149,-0.149,-0.149,2.68271,2,-0.151,3.64,0.02
01/11/2018,-0.146,4.6,-0.146,3.12025,1.141,0.11067,-0.146,2.0675,-0.21829,-0.5298,-0.21829,-0.146,-0.146,-0.146,2.65929,2.22,-0.148,3.54,0.02
01/12/2018,-0.117,4.7,-0.117,3.00544,1.17031,0.10633,-0.117,2.12417,-0.18271,-0.5026,-0.18271,-0.117,-0.117,-0.117,2.74714,2.21,-0.119,3.52,0.055
