Period,LIB3MGBP.N,M899903.N,ASX.N,LIB3MGBP5.N,WIEXUKS.N,WORLDS.N,BG05.N,G1BI.N,M892400.N,M891800.N,M990100.N,IL01.N,M939200.N,K6YP.N,SP500.N,M990500.N,SMEUR.N,HGSCEXT.N,B:CPI.N
30/11/1982,,,,,,,,,,,0.093123599,,0.230514015,,,0.054597476,,,
31/12/1982,,,,,,,,,,,0.042756624,,0.111363743,,,0.048088681,,,
31/01/1983,,,,,,,,,,,0.082930149,,0.016453908,,,0.062124414,,,
28/02/1983,,,,,,,,,,,0.027414523,,0.022908099,,,0.045303363,,,
31/03/1983,,,,,,,,,,,0.058611084,,0.063662101,,,0.074116405,,,
30/04/1983,,,,,,,,,,,0.01613897,,-0.031462169,,,0.025847448,,,
31/05/1983,,,,,,,,,,,-0.037188711,,-0.025430793,,,-0.03767661,,,
30/06/1983,,,,,,,,,,,0.07926303,,0.079672406,,,0.065085731,,,
31/07/1983,,,,,,,,,,,-0.008804272,,0.017510604,,,-0.004676184,,,
31/08/1983,,,,,,,,,,,0.023241949,,0.005206544,,,-0.004245967,,,
30/09/1983,,,,,,,,,,,0.019162017,,0.077771093,,,0.016344759,,,
31/10/1983,,,,,,,,,,,-0.011458831,,-0.0045794,,,-0.000318373,,,
30/11/1983,,,,,,,,,,,0.045182251,,0.03144085,,,0.048957238,,,
31/12/1983,,,,,,,,,,,0.022671645,,0.087579884,,,0.017405891,,,
31/01/1984,,,,,,,,,,,0.043119797,,0.082984207,,,0.076261045,,,
29/02/1984,,,,,,,,,,,-0.074762576,,-0.062028786,,,-0.032681266,,,
31/03/1984,,,,,,,,,,,0.083145497,,0.221177064,,,0.061779759,,,
30/04/1984,,,,,,,,,,,0.028526284,,0.009797994,,,0.018489906,,,
31/05/1984,,,,,,,,,,,-0.068639983,,-0.11690931,,,-0.066465591,,,
30/06/1984,,,,,,,,,,,0.030927264,,0.026910487,,,0.020393193,,,
31/07/1984,,,,,,,,,,,-0.001975817,,-0.038604808,,,-0.033466777,,,
31/08/1984,,,,,,,,,,,0.101175561,,0.086592436,,,0.085609725,,,
30/09/1984,,,,,,,,,,,0.053174987,,0.052703571,,,0.04148995,,,
31/10/1984,,,,,,,,,,,0.028769109,,0.068156619,,,0.020382312,,,
30/11/1984,,,,,,,,,,,0.006846522,,0.017550875,,,0.007879707,,,
31/12/1984,,,,,,,,,,,0.060930498,,0.079142381,,,0.046816462,,,
31/01/1985,,,,,,,,,,,0.081320696,,0.019710202,,,0.072193333,,,
28/02/1985,,,,,,,,,,,0.045866824,,0.078169094,,,0.000541494,,,
31/03/1985,,,,,,,,,,,-0.090015114,,-0.070258216,,,-0.01879377,,,
30/04/1985,,,,,,,,,,,-0.009838387,,-0.040900009,,,0.021651879,,,
31/05/1985,,,,,,,,,,,0.011913186,,-0.003830573,,,0.012851646,,,
30/06/1985,,,,,,,,,,,-0.002176128,,0.024729101,,,-0.007897338,,,
31/07/1985,,,,,,,,,,,-0.054586848,,-0.068888142,,,0.013798488,,,
31/08/1985,,,,,,,,,,,0.022043702,,0.038264089,,,0.065918346,,,
30/09/1985,,,,,,,,,,,-0.000300522,,0.097773623,,,0.008809661,,,
31/10/1985,,,,,,,,,,,0.025783496,,0.004271936,,,0.081683904,,,
30/11/1985,,,,,,,,,,,0.023614663,,-0.015945658,,,0.045480423,,,
31/12/1985,,,,,,,,,,,0.079007638,,0.091902,,,0.075919557,,,
31/01/1986,,,0.021712808,,,,,,,,0.041125081,,0.054526517,,,0.045746551,,,
28/02/1986,,,0.08099227,,,,,,,,0.058342204,,0.088019745,,,0.086441715,,,
31/03/1986,,,0.080953805,,,,,,,,0.077103491,,0.191958456,,,0.061739766,,,
30/04/1986,,,0.017610585,,,,,,,,-0.022689111,,-0.012453186,,,0.039795618,,,
31/05/1986,,,-0.032572995,,,,,,,,0.051700814,,0.048006925,,,-0.038249568,,,
30/06/1986,,,0.036081388,,,,,,,,-0.00149841,,0.057713844,,,0.002043672,,,
31/07/1986,,,-0.048112994,,,,,,,,0.035810118,,0.163670297,,,0.019002326,,,
31/08/1986,,,0.061584483,,,,,,,,0.090459212,,0.094239521,,,0.115130922,,,
30/09/1986,,,-0.052845801,,,,,,,,-0.013641275,,0.053045061,,,-0.037673089,,,
31/10/1986,,,0.050198338,,,,,,,,0.009908633,,-0.109307936,,,0.034089329,,,
30/11/1986,,,0.012995189,,,,,,,,0.021231743,,0.044976581,,,0.032509277,,,
31/12/1986,,,0.026123047,,,,,,,,-0.012271537,,0.039802348,,,-0.006958779,,,
31/01/1987,,,0.083706443,,,,,,,,0.09449538,,0.137223504,,,0.022927331,,,
28/02/1987,,,0.0883979,,,,,,,,0.01133397,,-0.003177872,,,0.014247259,,,
31/03/1987,,,0.024866134,,,,,,,,0.023496846,,0.069622696,,,0.011659358,,,
30/04/1987,,,0.027787718,,,,,,,,0.022472609,,0.118016719,,,0.00386326,,,
31/05/1987,,,0.074546056,,,,,,,,0.021076349,,0.018007889,,,0.014211074,,,
30/06/1987,,,0.054955203,,,,,,,,0.008994629,,-0.064999386,,,0.038594835,,,
31/07/1987,,,0.044475159,,,,,,,,0.03208223,,-0.023360366,,,0.046123641,,,
31/08/1987,,,-0.041993207,,,,,,,,0.03460307,,0.098826078,,,-0.014787372,,,
30/09/1987,,,0.057278797,,,,,,,,-0.016726763,,-0.03448197,,,0.007456759,,,
31/10/1987,,,-0.264578222,,,,,,,,-0.215279575,,-0.125488421,,,-0.234277618,,,
30/11/1987,,,-0.099346637,,,,,,,,-0.082593064,,-0.021881151,,,-0.100855479,,,
31/12/1987,,,0.098820899,,,,,,,,0.01244655,,-0.01674419,,,0.027158505,,,
31/01/1988,,,0.053333865,,,,,,,,0.091890713,,0.123592444,,,0.022432542,,,
29/02/1988,,,-0.004582379,,,,,,,,0.055958565,,0.073691209,,0.04484412,0.05704384,,,0.002066116
31/03/1988,,,-0.007000323,,,,,,,,-0.031013994,,0.011724515,,-0.088232447,-0.033267274,,,0.004123711
30/04/1988,,,0.040152488,,,,,,,,0.015123049,,0.013169187,,0.013833482,0.021397452,,,0.012320329
31/05/1988,,,-0.001012947,,,,,,,,0.000592841,,-0.024866273,,0.030105795,0.002202003,,,0.004056795
30/06/1988,,,0.045831643,,,,,,,,0.077123669,,0.038233585,,0.128420722,0.068020579,,,0.004040404
31/07/1988,,,0.005517557,,,,,,,,0.015030564,,0.042243814,,-0.007219369,-0.001207908,,,0
31/08/1988,,,-0.050770498,,,,,,,,-0.038037048,,-0.058746174,,-0.016394854,-0.028040322,,,0.004024145
30/09/1988,,,0.043346569,,,,,,,,0.03898695,,0.039901604,,0.039450798,0.051173501,,,0.004008016
31/10/1988,,,0.023189124,,,,,,,,0.015940808,,0.032295257,,-0.020680643,0.041084254,,,0.003992016
30/11/1988,,,-0.029947061,,,,,,,,-0.009342705,,0.042666927,,-0.056071953,-0.030616631,,,0.003976143
31/12/1988,,,-0.002693014,,,,,,,,0.031099134,,0.027985263,,0.039955196,0.027548635,,,0.001980198
31/01/1989,,,0.13962804,,,,,,,,0.066601392,,0.03265549,,0.105009385,0.066962049,,,0.001976285
28/02/1989,,,-0.007516319,,,,,,,,0.000868504,,0.026934659,,-0.017648052,-0.003978873,,,0.003944773
31/03/1989,,,0.035953138,,,,,,,,0.027215593,,-0.002004292,,0.058238714,0.041609473,,,0.003929273
30/04/1989,,,0.019275674,,,,,,,,0.021267756,,-0.003132852,,0.050332127,0.026203733,,,0.01369863
31/05/1989,,,0.00548019,,,,,,,,0.047085949,,0.012872517,,0.117125442,0.01870985,,,0.005791506
30/06/1989,,,0.013045032,,,,,,,,0.002477405,,-0.03124321,,0.008439206,0.055993345,,,0.003838772
31/07/1989,,,0.070162286,,,,,,,,0.038499792,,0.057092724,,0.017561184,0.04315305,,,0
31/08/1989,,,0.032527026,,,,,,,,0.029802564,,-0.017231916,,0.076244903,0.042419197,,,0
30/09/1989,,,-0.027870532,,,,,,,,-0.00085395,,0.033892127,,-0.031992842,-0.011334606,,,0.007648184
31/10/1989,,,-0.072597641,,,,,,,,-0.00961495,,-0.00204197,,0.001024277,-0.042363842,,,0.007590133
30/11/1989,,,0.057577949,,,,,,,,0.046615088,,0.058045426,,0.027222093,0.062563052,,,0.003766478
31/12/1989,,,0.061838121,,,,,,,,0.004251178,,-0.028561761,,-0.003410672,0.077958499,,,0.001876173
31/01/1990,,,-0.029446934,,,,,,,,-0.085416975,,-0.098086772,,-0.104788872,-0.042933504,,,0.003745318
28/02/1990,,,-0.034618613,,,,,,,,-0.04898087,,-0.108851067,,0.00670919,-0.02990929,,,0.005597015
31/03/1990,,,-0.000112194,,,,,,,,-0.035017311,,-0.171886222,,0.054538913,0.041818273,,,0.005565863
30/04/1990,,,-0.059539672,,,,,,,,-0.008402954,,0.019120468,,-0.018690069,-0.020322806,,,0.018450185
31/05/1990,,,0.111614866,,,,,,,,0.077026007,,0.114204966,,0.069735664,0.054051961,,,0.009057971
30/06/1990,,,0.018568209,,,,,,,,-0.045257119,,-0.08301927,,-0.044610404,-0.004338028,,,0.003590664
31/07/1990,,,-0.01556902,,,,,,,,-0.053645392,,-0.074565503,,-0.064919825,-0.022365325,,,-0.001788909
31/08/1990,,,-0.079932564,,,,,,,,-0.109058967,,-0.112394462,,-0.105602151,-0.114252777,,,0.010752688
30/09/1990,,,-0.079111163,,,,,,,,-0.096128719,,-0.154615161,,-0.038391807,-0.108243491,,,0.010638298
31/10/1990,,,0.034078706,,,,,,,,0.051373555,,0.195165674,,-0.042152867,0.043033715,,0.010567283,0.007017544
30/11/1990,,,0.043676125,,,,,,,,-0.012896413,,-0.116685401,,0.068841568,0.013992155,,-0.006086534,0.00174216
31/12/1990,,,0.005326154,,,,,,,,0.024470717,,0.051000489,,0.031776717,-0.010711187,,0.002240623,-0.00173913
31/01/1991,,,0.006142113,,,,,,,,0.020683761,,0.013018818,,0.027907059,0.018153847,,-0.05075515,0
28/02/1991,,,0.113354936,,,,,,,,0.118116293,,0.152805116,,0.096912498,0.113263766,,0.154094064,0.005226481
31/03/1991,,,0.041980666,,,,,,,,0.067891112,,0.032233327,,0.127320477,0.026871327,,0.095076257,0.003466205
30/04/1991,,,0.015923686,,,,,,,,0.018048709,,0.035627569,,0.012853159,-0.000160903,,0.010963914,0.034542314
31/05/1991,,,0.002491654,,,,,,,,0.032856906,,0.005635998,,0.053860193,0.040104025,,-0.021759317,0.006677796
30/06/1991,,,-0.030241812,,,,,,,,-0.014912387,,-0.025340989,,0.002124501,-0.037934943,,-0.033357891,0.004975124
31/07/1991,,,0.071523262,,,,,,,,0.008030527,,-0.007365186,,0.007745423,0.029584868,,0.012949134,-0.00330033
31/08/1991,,,0.029468599,,,,,,,,0.001380931,,-0.05062037,,0.028691555,0.023212684,,0.043241405,0.004966887
30/09/1991,,,0.003685433,,,,,,,,-0.017756933,,0.041049437,,-0.058590122,-0.013859006,,0.062447556,0.004942339
31/10/1991,,,-0.020013,,,,,,,,0.023202233,,0.05069098,,0.020717851,-0.013994667,,-0.007702048,0.004918033
30/11/1991,,,-0.053259326,,,,,,,,-0.057480338,,-0.083845046,,-0.05394438,-0.037395093,,-0.026686225,0.003262643
31/12/1991,,,0.020071041,,,,,,,,0.01229923,,-0.026257983,,0.051839882,0.01764403,,-0.043529388,0.001626016
31/01/1992,,,0.036773743,,,,,,,,0.02241006,,-0.006271605,,0.022590462,0.041702388,,0.028312419,-0.003246753
29/02/1992,,,0.005101922,,,,,,,,0.001725542,,-0.065513302,,0.032829791,0.023598294,,0.012732332,0.004885993
31/03/1992,,,-0.041614153,,,,,,,,-0.034784632,,-0.096588144,,-0.006449892,-0.022222215,,-0.046347057,0.004862237
30/04/1992,,,0.101742152,,,,,,,,-0.007943735,,-0.081520723,,0.007469575,0.032737673,,0.0964164,0.011290323
31/05/1992,,,0.024430841,,,,,,,,0.006269872,,0.045512635,,-0.027183196,0.023183583,,0.052917091,0.003189793
30/06/1992,,,-0.067600214,,,,,,,,-0.070255667,,-0.125705632,,-0.05203807,-0.05565411,,-0.079592516,0
31/07/1992,,,-0.056416665,,,,,,,,-0.010025555,,-0.023530265,,0.028128208,-0.047514795,,-0.106468741,-0.004769475
31/08/1992,,,-0.036206792,,,,,,,,-0.005938964,,0.142756278,,-0.049093945,-0.032391996,,-0.067374558,0
30/09/1992,,,0.105086669,,,,,,,,0.106082368,,0.089907989,,0.129799467,0.098209291,,0.062792772,0.004792332
31/10/1992,,,0.044820388,,,,,,,,0.105706137,,0.084069089,,0.140791707,0.057540873,,0.012118967,0.00317965
30/11/1992,,,0.048411399,,,,,,,,0.049810941,,0.058332326,,0.066808434,0.03117547,,0.028489262,0
31/12/1992,,,0.041406315,,,,,,,,0.007901287,,-0.014652024,,0.01240595,0.023075603,,0.100589009,0.001584786
31/01/1993,,,0.00219,,,,,,,,0.020901342,,0.014483831,,0.026312885,0.01951283,,0.081239813,-0.006329114
28/02/1993,,,0.024765763,,,,,,,,0.072379956,,0.093236109,,0.062152082,0.059859219,,0.034580409,0.006369427
31/03/1993,,,0.017828453,,,,,,,,-0.002496626,,0.075774536,,-0.036999415,-0.008382045,,0.02964322,0.004746835
30/04/1993,,,-0.010570926,,,,,,,,0.004648854,,0.131105852,,-0.062811127,-0.018415067,,0.031247672,0.011023622
31/05/1993,,,0.014241929,,,,,,,,0.025921116,,0.030697333,,0.029902898,0.013861282,,0.024934026,0.004672897
30/06/1993,,,0.022955195,,,,,,,,0.03297601,,0.027533793,,0.045037674,0.026763728,,0.023470997,-0.001550388
31/07/1993,,,0.014025049,,,,,,,,0.033777103,,0.077333646,,0.009091402,0.016644385,,0.006456123,-0.00310559
31/08/1993,,,0.065396598,,,,,,,,0.040451886,,0.016786811,,0.032840391,0.082403445,,0.075082091,0.004672897
30/09/1993,,,-0.01521621,,,,,,,,-0.02518912,,-0.05381934,,-0.014215128,-0.00968272,,-0.007161038,0.004651163
31/10/1993,,,0.041615206,,,,,,,,0.034292292,,0.002206328,,0.027616624,0.048733259,,0.018749045,-0.00154321
30/11/1993,,,-0.003245989,,,,,,,,-0.052603688,,-0.162255849,,-0.005122021,-0.017230443,,-0.024753194,-0.00309119
31/12/1993,,,0.083211001,,,,,,,,0.051171052,,0.034155121,,0.01448687,0.077623799,,0.064205434,0.003100775
31/01/1994,,,0.039363517,,0.036986301,0.051435467,,0.034655841,,,0.050861505,,0.145255852,,0.019579632,0.036272104,,0.114923717,-0.004636785
28/02/1994,,,-0.038022586,,-0.018811096,-0.002630069,,0.00985989,,,-0.004661521,,0.054727545,,-0.018762884,-0.027106082,,-0.000133829,0.004658385
31/03/1994,,,-0.062061337,,-0.000107706,-0.039123556,,-0.027413371,,,-0.042369446,,-0.04181268,,-0.042630571,-0.027321495,,-0.060059646,0.00309119
30/04/1994,,,0.015181968,,0.022136048,0.01002944,,-0.017173898,,,0.009131299,,0.020826616,,-0.008350775,0.019637011,,0.019486472,0.009244992
31/05/1994,,,-0.048325343,,-0.03172094,0.006323486,,-0.007180141,,,0.005329251,,0.024933252,,0.019436831,-0.039658141,,-0.033976578,0.003053435
30/06/1994,,,-0.020760443,,-0.041793644,-0.021011291,,-0.001750111,,,-0.023481314,,0.027768029,,-0.044546601,-0.03082158,,-0.047425615,0
31/07/1994,,,0.060046352,,0.057246706,0.023568348,,0.015833502,,,0.023356873,,-0.031584997,,0.037475305,0.057135808,,0.022668735,-0.00608828
31/08/1994,,,0.055808599,,0.0190159,0.029394474,,-0.002416466,,,0.02995446,,0.006874753,,0.041067259,0.031784373,,0.037017969,0.006125574
30/09/1994,,,-0.066773341,,-0.061729046,-0.051208833,,-0.04264743,,,-0.051497363,,-0.049733423,,-0.049507743,-0.064316555,,-0.041596035,0.00152207
31/10/1994,,,0.019625477,,0.001797854,-0.005016051,,-0.013283909,,,-0.005583158,,-0.006352871,,-0.011143502,0.009260089,,-0.017603218,-0.003039514
30/11/1994,,,-0.003132393,,0.006729853,-0.004537205,,0.003007729,,,-0.003630346,,-0.01064059,,0.003843411,0.001878867,,-0.005253982,0.00152439
31/12/1994,,,-0.000413452,,0.010528661,0.008102907,,-0.003420285,,,0.009901487,,0.011929649,,0.01528739,0.006134404,,-0.006442185,0.00456621
31/01/1995,,,-0.025561907,,-0.018412348,-0.031849694,,-0.032337041,,,-0.029518083,,-0.071964577,,0.011069679,-0.022203607,,-0.012520908,0
28/02/1995,,,0.007283964,,0.033303381,0.013179743,,0.01911488,,,0.01895751,,-0.04395967,,0.043704591,0.027316452,,-0.012645597,0.004545455
31/03/1995,,,0.043488888,,0.001847927,0.017822391,,0.052125456,,,0.016752,,0.05950037,,-0.001147105,0.01524683,,0.01294066,0.004524887
30/04/1995,,,0.02924619,,0.0563663,0.049511925,,0.050904779,,,0.047155768,,0.061508838,,0.041920485,0.044484448,,0.03054401,0.006006006
31/05/1995,,,0.037879026,,0.031070255,0.018937578,,0.023546231,,,0.021466347,,-0.049798842,,0.053518315,0.033771953,,0.050989374,0.005970149
30/06/1995,,,-0.002139741,,0.012352443,-0.004517009,,0.012233109,,,-0.001976727,,-0.049162213,,0.021748234,0.007967831,,-0.010937016,0
31/07/1995,,,0.051236588,,0.045362854,0.045469585,,0.012164777,,,0.043772777,,0.073382914,,0.027222237,0.046074694,,0.045344891,-0.005934718
31/08/1995,,,0.013997607,,-0.015484539,0.0103983,,-0.010496957,,,0.009687715,,-0.008602026,,0.035519464,-0.007008297,,0.033434162,0.005970149
30/09/1995,,,0.013434746,,0.009704561,0.005548347,,-0.000885581,,,0.007066781,,-0.012927019,,0.020076746,0.008337686,,0.0105052,0.004451039
31/10/1995,,,0.002588202,,-0.001231002,-0.013571842,,-0.003765967,,,-0.012966184,,-0.053058801,,-0.000543371,-0.001695538,,-0.006084441,-0.001477105
30/11/1995,,,0.034021506,,0.04010429,0.067845543,,0.050444223,,,0.067240066,,0.092706379,,0.076932005,0.038979934,,0.000431282,0
31/12/1995,,,0.012949757,,0.018640901,0.013560324,,0.006058326,,,0.013716047,,0.03548604,,0.00409702,0.016340282,,0.001314214,0.00591716
31/01/1996,,,0.024446285,,0.042013423,0.047680574,,0.024155106,,,0.045906602,,0.014028379,,0.062504836,0.034248736,,0.031946999,-0.002941176
29/02/1996,,,0.001669101,,0.010992314,-0.008394001,,-0.001068111,,,-0.007190712,,-0.030571424,,-0.00384798,0.004981641,,0.023987071,0.004424779
31/03/1996,,,0.008975995,,0.022595031,0.018213913,,0.009415849,,,0.019363207,,0.038275455,,0.012535443,0.014874416,,0.025668005,0.004405286
30/04/1996,,,0.043248544,,0.022801844,0.042474389,,0.041401841,,,0.04097112,,0.075096526,,0.032257998,0.024620142,,0.07155584,0.004385965
31/05/1996,,,-0.012082985,,-0.026232437,-0.031483861,,-0.038639928,,,-0.030852552,,-0.081339242,,-0.006518993,-0.02401224,,0.010851257,0.002911208
30/06/1996,,,-0.012074286,,0.014386989,0.000897561,,0.000343927,,,0.002010453,,0.002443602,,0.000972353,0.008147941,,-0.011340048,0.001451379
31/07/1996,,,-0.00748264,,-0.022487153,-0.038872427,,-0.015846787,,,-0.037585528,,-0.046804572,,-0.046205916,-0.014618775,,-0.041630954,-0.005797101
31/08/1996,,,0.050047558,,0.016023215,0.009411383,,0.002638683,,,0.007468688,,-0.048300177,,0.017239851,0.025787729,,0.035811182,0.004373178
30/09/1996,,,0.018785222,,0.020365081,0.038741309,,0.006139091,,,0.038680616,,0.034382393,,0.056014585,0.020779975,,0.00820249,0.005805515
31/10/1996,,,0.008043871,,-0.026327532,-0.034510775,,-0.045001658,,,-0.033404248,,-0.104331321,,-0.013436613,-0.017627526,,0.010388293,0
30/11/1996,,,0.016699323,,0.016498625,0.021959527,,-0.012310114,,,0.023229026,,-0.012402152,,0.042364912,0.018221842,,-0.000516389,0
31/12/1996,,,0.017298399,,-0.000983687,-0.033643101,,-0.029400913,,,-0.034023989,,-0.08598666,,-0.037570764,0.000904795,,0.015392783,0.002886003
31/01/1997,,,0.037831743,,0.086526627,0.079164131,0.0115968,0.048703435,,,0.080563379,,-0.048339339,,0.134611029,0.070790971,,0.0560829,-0.004316547
28/02/1997,,,0.011779563,,-0.01057282,-0.005715145,0.01340455,-0.002972957,,,-0.006661549,,0.005168659,,-0.010076945,-0.004795858,,0.021119577,0.002890173
31/03/1997,,,0.002621725,,0.034423539,-0.028059295,-0.014099404,-0.015877626,,,-0.026233981,,-0.039128718,,-0.047220125,0.02569524,,-0.014011955,0.001440922
30/04/1997,,,0.021408224,,-0.002250507,0.041631001,0.015444799,0.007622273,,,0.044841013,,0.048658603,,0.072368358,0.006922946,,-0.001643548,0.004316547
31/05/1997,,,0.033813057,,0.034018636,0.057634842,0.021225693,0.061129291,,,0.052846653,,0.10134729,,0.052194123,0.034163155,,-0.007394919,0.00286533
30/06/1997,,,-0.003881816,,0.046810185,0.030584496,0.010210219,0.011645985,,,0.031853823,,0.056460163,,0.02703607,0.032176177,,-0.029889965,0.002857143
31/07/1997,,,0.050598238,,0.063129847,0.063808643,0.014317647,0.041180048,,,0.063011222,,-0.014597865,,0.09723615,0.063995779,,-0.017913235,-0.004273504
31/08/1997,,,-0.004029025,,-0.063044247,-0.055213736,0.000200567,-0.018232399,,,-0.058021358,,-0.07788711,,-0.046883543,-0.048010007,,0.038077427,0.005722461
30/09/1997,,,0.081015134,,0.105936418,0.05786082,0.036046701,0.030537317,,,0.0583352,,-0.011216171,,0.058945274,0.101319754,,0.037172355,0.004267425
31/10/1997,,,-0.064704055,,-0.088036467,-0.090504738,0.004240837,-0.059676842,,,-0.087531398,,-0.126409175,,-0.06884721,-0.084045603,,0.005720649,0
30/11/1997,,,-0.000874463,,0.015675473,0.01024169,0.006036525,-0.029036131,,,0.012754477,,-0.065777836,,0.041386767,0.010605284,,-0.012112251,0
31/12/1997,,,0.055555012,,0.061868095,0.037534641,0.016876983,0.028053661,,,0.036253493,,-0.034645538,,0.041530586,0.061367656,,0.017008859,0.001416431
31/01/1998,,,0.052783954,,0.04420203,0.031510971,0.019154045,0.040542935,,,0.034239069,,0.096149861,,0.017491777,0.048252834,,0.021900765,-0.005657709
28/02/1998,,,0.059443406,,0.078472222,0.061129503,0.002354804,0.040027817,,,0.060026545,,-0.00181102,,0.064636714,0.070652638,,0.044296593,0.00284495
31/03/1998,,,0.042685383,,0.061451888,0.024587632,0.017019828,0.000453441,,,0.024586624,,-0.08367031,,0.03356931,0.053241392,,0.0689949,0.002836879
30/04/1998,,,0.004739846,,0.024740202,0.01046126,0.008949473,0.01426741,,,0.011192081,,-0.002501807,,0.011631293,0.020979955,,0.007066789,0.005657709
31/05/1998,,,0.006326981,,0.077113147,0.010561804,0.011859189,0.016147254,,,0.0123236,,-0.031024859,,0.007703454,0.046095943,,0.060209761,0.004219409
30/06/1998,,,-0.01884191,,-0.018973428,-0.003483806,-0.003047411,-0.036781109,,,0.00039133,,-0.008927399,,0.017043583,-0.011946965,,-0.055948908,-0.00140056
31/07/1998,,,-0.002388925,,0.053295659,0.016057832,0.009844121,0.015191532,,,0.018077935,,0.006438659,,0.009005472,0.040013913,,-0.050158019,-0.004207574
31/08/1998,,,-0.103790784,,-0.168007955,-0.159906692,0.030624433,-0.102160171,,,-0.153425365,,-0.134402758,,-0.164245379,-0.145881925,,-0.124506132,0.002816901
30/09/1998,,,-0.037007931,,-0.063207049,0.00739301,0.034183342,-0.012677592,,,0.002605463,,-0.041551343,,0.048470241,-0.054048519,,-0.0631794,0.004213483
31/10/1998,,,0.069762779,,0.105094502,0.109392227,-0.002413875,0.069545345,,,0.106308152,,0.184923937,,0.097290133,0.095975996,,0.004189458,0
30/11/1998,,,0.050522884,,0.080762518,0.073791112,0.026060789,0.057918626,,,0.074779303,,0.060991529,,0.076093637,0.068581782,,0.035490404,0.001398601
31/12/1998,,,0.019158392,,0.036494174,0.040925524,0.020990991,0.020050029,,,0.040382842,0.035564822,0.030457316,,0.049240247,0.035442136,,0.011859303,0.002793296
31/01/1999,,,0.008660141,,0.004242366,0.034065018,0.011316509,0.054011395,,,0.034812654,0.001743431,0.020128185,,0.054888908,0.006262345,,0.03861429,-0.005571031
28/02/1999,0.004154656,,0.049645791,0.007920061,-0.021147283,-0.002418315,-0.020692915,-0.009411707,,,-0.001956364,-0.004842527,0.002965074,,-0.006771634,-0.000557695,,0.064497282,0.00140056
31/03/1999,0.004776288,,0.030853658,0.009218312,-0.002046183,0.036201045,0.006704334,0.009852088,,,0.033554809,0.017239865,0.130029372,,0.031721785,0.003209979,,0.064853815,0.005594406
30/04/1999,0.004256012,,0.048452381,0.00829131,0.032161769,0.047517546,-0.003119653,0.030362399,,,0.041991673,-0.006848133,0.04446277,,0.041189329,0.0324829,,0.081083664,0.004172462
31/05/1999,0.003991227,,-0.044412816,0.007756015,-0.042896525,-0.032383741,-0.011015839,-0.022809018,,,-0.032590123,0.00948111,-0.05235246,,-0.019331214,-0.043990588,,-0.012720002,0.002770083
30/06/1999,0.004613768,,0.021451205,0.009055075,0.043897342,0.066217013,-0.00217684,0.032966358,,,0.06442667,-0.003350721,0.113407495,,0.072651029,0.034296537,,0.037262615,-0.001381215
31/07/1999,0.004132542,,-0.006339219,0.008167354,-0.017114247,-0.029512928,-0.008538935,-0.017029558,,,-0.03002556,-0.004715419,0.07017307,,-0.05759753,-0.01793798,,0.034686858,-0.005532503
31/08/1999,0.004488262,,0.008859622,0.008794156,0.026487408,0.009294141,0.0131569,0.021054085,,,0.005535024,-0.023905795,0.000426123,,0.002084809,0.01769747,,0.03482079,0.002781641
30/09/1999,0.004320362,,-0.036567273,0.008355919,-0.028192821,-0.03263512,-0.01992686,-0.02199554,,,-0.03322064,0.005883835,0.035624845,,-0.050721768,-0.031146917,,-0.044810099,0.004160888
31/10/1999,0.004631794,,0.028579624,0.008533787,0.036747034,0.056150683,0.0195629,0.029498181,,,0.05568903,0.018491233,0.046682704,,0.06694671,0.040587321,,-0.005237477,-0.001381215
30/11/1999,0.005003103,,0.064326498,0.00931121,0.058348304,0.061313272,-0.005146054,0.05195282,,,0.059113226,-0.042473779,0.074438525,,0.050814552,0.058047817,,0.111447889,0.001383126
31/12/1999,0.004826678,,0.051733173,0.008864274,0.101274264,0.060081074,0.020990991,0.034447891,,,0.068075845,0.035564822,0.049540992,,0.04609537,0.089498478,,0.059697315,0.002762431
31/01/2000,0.005211292,,-0.08159947,0.009509223,-0.074031443,-0.059816279,-0.019118209,-0.015468437,,,-0.062731454,0.014779044,-0.048741076,,-0.055830313,-0.076495127,,0.004603396,-0.009641873
29/02/2000,0.004805007,,0.006938917,0.008696985,0.100843153,0.026516701,0.017969055,0.050297742,,,0.029376574,0.014535051,0.000112353,,0.006931219,0.080273831,,0.030129343,0.004172462
31/03/2000,0.005144461,,0.044235616,0.00930682,-0.010446833,0.05837041,0.011708998,0.031043417,,,0.057871246,0.011209205,0.071199808,,0.086082006,0.013492669,,-0.017356512,0.001385042
30/04/2000,0.00468656,,-0.032853331,0.008443636,-0.021225659,-0.022441126,0.010394299,-0.025152613,,,-0.023732171,0.006628549,-0.057170158,,-0.011397576,-0.025512685,,-0.065642527,0.004149378
31/05/2000,0.005544269,,0.006823351,0.009977523,0.053647963,0.019554567,0.000871689,0.031179838,,,0.020270024,0.010441174,-0.00638712,,0.024980038,0.038338553,,-0.017799014,0.002754821
30/06/2000,0.004979251,,0.005316405,0.009006401,0.018190196,0.021949428,0.008306222,0.028706602,,,0.020440021,0.011807498,0.055194282,,0.011448796,0.008511779,,0.064232371,0.001373626
31/07/2000,0.005117433,,0.011842301,0.00927968,-0.005597172,-0.014517156,0.000813786,-0.018761075,,,-0.017759833,-0.01196928,-0.10559019,,-0.005201827,-0.005332446,,0.016291592,-0.005486968
31/08/2000,0.005133486,,0.051777318,0.009295789,0.011863587,0.073009126,-0.001794365,0.067356129,,,0.06270262,-0.004534241,0.095989807,,0.092843447,0.017232823,,0.049176854,0
30/09/2000,0.004798537,,-0.054269199,0.008690496,-0.064196777,-0.064429687,0.008785879,-0.040926242,,,-0.068337483,0.001695971,-0.064791775,,-0.068120842,-0.061969106,,-0.031159955,0.008275862
31/10/2000,0.005257806,,0.017151264,0.0095552,0.001376293,0.00184724,0.008662823,-0.009912411,,,0.000996337,0.006378494,-0.040865334,,0.013655696,0.010459849,,-0.020663495,0
30/11/2000,0.00487146,,-0.041928196,0.008898185,-0.001127314,-0.035633636,0.021959115,-0.037720313,,,-0.037982297,0.019433076,-0.018222424,,-0.056813269,-0.015328137,,-0.020193638,0.001367989
31/12/2000,0.004612765,,0.014877617,0.008504,0.019633588,-0.03529614,0.005648398,-0.013825963,,,-0.035785871,-0.000639912,-0.108725281,,-0.04660628,0.014404592,,0.027637918,0
31/01/2001,0.005156043,0.131570617,0.016119199,0.009598639,0.028262341,0.045428228,0.005049539,0.073780507,0.048083047,0.163059936,0.042067896,0.004873183,0.010219387,,0.058394793,0.022848587,,0.051064371,-0.008196721
28/02/2001,0.004308575,-0.034651476,-0.050799517,0.008074553,-0.076414055,-0.073573893,0.002488289,-0.047580651,-0.07239443,-0.066398017,-0.072691107,-0.007378292,-0.032530032,,-0.079670854,-0.075898271,,-0.043359566,0.00137741
31/03/2001,0.004454652,-0.097857326,-0.050538361,0.008490757,-0.072874302,-0.056079279,0.000406904,-0.030706349,-0.054170381,-0.085565851,-0.052315412,-0.024252294,-0.015626109,,-0.05003816,-0.061179974,,-0.09128263,0.004126547
30/04/2001,0.004486864,0.022668316,0.060498275,0.008657909,0.063395253,0.069325019,-0.015788225,0.044935238,0.065588997,0.042533323,0.06688562,-0.023816284,0.061146836,,0.070588547,0.064251279,,0.05770988,0.005479452
31/05/2001,0.004354582,0.006449702,-0.018036374,0.008525084,-0.047884376,-0.003394155,-0.003189013,-0.023920506,-0.004656743,0.018861927,-0.0059446,0.010669845,0.004765281,,0.013442338,-0.041921816,,0.022604899,0.008174387
30/06/2001,0.004078144,0.000358051,-0.028212697,0.007977986,-0.030239342,-0.020845714,-0.000621878,-0.008883868,-0.021137333,-0.010951169,-0.021692907,0.01417922,-0.050066222,,-0.014689542,-0.02808786,,-0.049929925,0.001351351
31/07/2001,0.004501563,-0.053787373,-0.022765291,0.00880752,-0.012471272,-0.031023857,0.021965941,-0.00990451,-0.028945909,-0.075990809,-0.026381232,0.011136335,-0.086716933,,-0.023181317,-0.010737188,,-0.050129822,-0.006747638
31/08/2001,0.004156777,-0.026988947,-0.02329947,0.008326455,-0.04708684,-0.063263389,0.014938096,-0.01744226,-0.062933617,-0.027272107,-0.064749072,0.018714363,-0.0420226,,-0.079394942,-0.04302388,,0.010571055,0.004076087
30/09/2001,0.003574064,-0.160163168,-0.094223847,0.007337286,-0.132476541,-0.102409793,0.000426615,-0.049920432,-0.103471419,-0.166025976,-0.100160279,-0.01932471,-0.10527131,,-0.09304841,-0.111554947,,-0.187757173,0.00270636
31/10/2001,0.003938428,0.074741204,0.032367751,0.008376751,0.051193017,0.034784104,0.030283445,0.030626838,0.031915536,0.073250283,0.029886503,0.032943014,0.008508091,,0.029565314,0.042717977,,0.065226553,-0.002699055
30/11/2001,0.003233355,0.139528438,0.043609377,0.007264548,0.07017953,0.081794268,-0.004326541,0.046496946,0.082192076,0.126245131,0.079949207,-0.005306553,0.030839121,,0.097531785,0.060708941,,0.096481472,-0.00135318
31/12/2001,0.003378154,0.038405916,0.004503995,0.007544601,0.007059714,-0.010647828,-0.02044064,-0.020131915,-0.011162984,0.057514725,-0.014071299,-0.015644485,-0.086262172,,-0.011893494,0.00496768,,0.01727592,0.002710027
31/01/2002,0.00337443,0.059556013,-0.010434077,0.007540863,-0.028776589,0.000595038,0.014468441,-0.003293736,0.001361744,0.064580019,-0.001513998,0.002906287,-0.050824577,,0.014459004,-0.024020891,0.013637081,-0.014137641,-0.004054054
28/02/2002,0.00305134,0.005616024,-0.008091791,0.006812602,0.000986611,-0.01029062,-0.003366167,-0.022888159,-0.008417997,0.015401207,-0.00956629,0.004248852,0.040693089,,-0.020492483,-0.000946133,-0.010608393,-0.008667125,0.001356852
31/03/2002,0.003101176,0.049996328,0.041914648,0.006862624,0.052080008,0.03767177,-0.017018849,0.021785428,0.037752663,0.052679155,0.037011353,0.002925963,0.050220445,,0.030348208,0.047085903,0.055837428,0.045975728,0.004065041
30/04/2002,0.003704518,-0.019269165,-0.015549252,0.008141804,-0.033005545,-0.054984894,0.010654978,-0.029464006,-0.054162469,-0.016541634,-0.056063133,0.003910023,0.034034331,,-0.082319332,-0.030308589,0.00202478,0.016530389,0.004048583
31/05/2002,0.003461006,-0.001700866,-0.012271138,0.007627793,0.006847153,-0.000639386,-1.32E-05,0.00360292,-0.003264926,-0.020187518,-0.002371789,0.013454742,0.058052489,,-0.011887938,-0.007081982,0.005917236,-0.007594943,0.002688172
30/06/2002,0.00314646,-0.087519343,-0.084201638,0.006908081,-0.067053767,-0.098181915,0.022168236,-0.070918126,-0.099016406,-0.112334764,-0.098491727,0.016611624,-0.090105934,,-0.10881433,-0.073408635,-0.074005771,-0.089063714,0
31/07/2002,0.003612413,-0.074696872,-0.092225771,0.008049292,-0.15666185,-0.105944604,0.013788783,-0.083912848,-0.106299549,-0.098863869,-0.106591389,-0.01713126,-0.092041286,,-0.100628082,-0.132829408,-0.115149389,-0.112829043,-0.002680965
31/08/2002,0.003217466,0.007065159,0.00325611,0.007248596,0.016327564,0.013423706,0.022857725,0.023042813,0.012130139,0.025312292,0.01161531,0.031831586,-0.000832795,,0.016012086,0.009705934,-0.008056628,0.0095055,0.002688172
30/09/2002,0.003328812,-0.104762182,-0.117619419,0.007495054,-0.168425363,-0.125150892,0.018192689,-0.060602443,-0.124561859,-0.122443815,-0.12464332,0.006201887,-0.060305167,,-0.12364211,-0.145742629,-0.139044856,-0.093080982,0.002680965
31/10/2002,0.003307869,0.057628392,0.077878302,0.007474023,0.115739591,0.080104419,-0.008251774,0.018708617,0.07891174,0.070421915,0.079242843,-0.004181123,-0.064785723,,0.093175162,0.102332552,0.049131655,0.001033689,0.001336898
30/11/2002,0.003097172,0.048125344,0.035417791,0.006993204,0.069980045,0.061181507,-0.006685951,0.059837835,0.06010014,0.074706953,0.059520249,-0.008799357,0.046123856,,0.064103668,0.054834208,0.067540341,0.041243173,0
31/12/2002,0.003458909,-0.07644348,-0.053404887,0.00776039,-0.07709427,-0.079778754,0.023061591,-0.03435029,-0.079864784,-0.06569084,-0.080439855,0.028312636,-0.058329105,,-0.090722139,-0.068527727,-0.044033454,-0.03541501,0.00400534
31/01/2003,0.003325279,-0.008505811,-0.089721938,0.007491507,-0.051137779,-0.049853269,0.011191969,-0.005562988,-0.04939377,-0.024851151,-0.050410776,0.017222274,-0.060263627,,-0.046579029,-0.066898563,-0.045127739,-0.048603455,-0.006648936
28/02/2003,0.002842072,0.011208488,0.026214086,0.006602553,-0.000308659,0.023964574,0.006830527,0.035219182,0.02483356,0.014300732,0.025288875,0.014136603,0.049655201,,0.027269183,0.009496296,0.004652211,0.000190304,0.004016064
31/03/2003,0.003049147,-0.018783907,-0.00615804,0.007214225,-0.02675678,-0.006759458,-0.00587804,-0.002619893,-0.007808744,-0.032024177,-0.006800209,-0.000970974,-0.048604909,,0.005759368,-0.018377871,-0.008203659,-0.012860065,0.004
30/04/2003,0.002940329,0.038961632,0.093732159,0.006970345,0.145940959,0.076799239,-0.000605672,0.039365361,0.076641821,0.076959418,0.076630705,-0.002235411,-0.018741029,,0.070056146,0.122375098,0.1283474,0.101522353,0.002656042
31/05/2003,0.002929288,0.038890275,0.043857853,0.00695926,0.044439036,0.032144071,0.021085349,0.022807204,0.031622658,0.045301288,0.031064311,0.0275121,0.02282642,,0.026398731,0.038798221,0.087510164,0.103061247,0
30/06/2003,0.003033378,0.045699658,0.00312785,0.007198392,0.005826766,0.012476955,-0.006199683,-0.012787475,0.011429647,0.049119178,0.009907066,0.000237003,0.066052595,,0.005088264,0.002422039,0.022419393,0.044584381,-0.001324503
31/07/2003,0.002911899,0.076285391,0.039460051,0.007076413,0.056451461,0.049260283,-0.017408272,0.024051825,0.049026772,0.090348424,0.047290427,-0.022468516,0.068226368,,0.044229375,0.047418304,0.073956002,0.071472929,-0.00132626
31/08/2003,0.002738676,0.073309127,0.015652182,0.006633313,0.016179127,0.03932445,0.001594743,0.023726356,0.040009893,0.08428077,0.038078973,0.005350834,0.123335246,,0.035570918,0.014328174,0.048939103,0.062539388,0.003984064
30/09/2003,0.003173102,-0.029588365,-0.015934079,0.007473359,-0.036766068,-0.042070425,0.0085258,-0.025531024,-0.04215945,-0.041039645,-0.042211554,0.012959302,0.00850964,,-0.058432329,-0.028574393,-0.007623058,-0.01323183,0.003968254
31/10/2003,0.003155113,0.061586172,0.049517107,0.007320638,0.044434884,0.038128735,-0.021423252,0.006224927,0.038161385,0.062393061,0.03705147,-0.020195889,0.023860036,,0.033965568,0.044545642,0.054222996,0.048331265,0.001317523
30/11/2003,0.002988248,-0.02134134,0.012926997,0.006749271,0.035829517,0.001649027,0.002307332,0.004195499,0.001467363,-0.001354843,0.001598196,0.002070934,-0.043774998,,-0.00512842,0.028679281,0.026897507,0.000402958,-0.001315789
31/12/2003,0.003555457,0.026944968,0.029201312,0.007992085,0.043511355,0.019426485,0.02175075,0.00443218,0.021349842,0.030345533,0.020929264,0.031545263,0.027341781,,0.010627877,0.039629451,0.018746825,0.018236306,0.003952569
31/01/2004,0.003257793,0.020030808,-0.008616316,0.007278414,0.002677161,0.00208474,-0.001819057,-0.000133242,8.08E-05,0.017793183,-0.000755695,-8.23E-05,0.001256792,,0.001197486,-0.005038259,0.040579258,0.061765065,-0.005249344
29/02/2004,0.003124767,0.017819961,0.028571676,0.00687601,-0.001090959,-0.00020511,0.009892027,-0.010061322,-0.001403207,0.025842176,-0.002731753,0.01262104,-0.022036805,,-0.006019278,0.009571816,0.018366474,0.038327904,0.002638522
31/03/2004,0.003800481,0.004229708,-0.013248105,0.008226039,-0.027292096,0.004454735,0.006068147,0.012621316,0.00399657,0.022347163,0.003066292,0.014848555,0.145350767,,-0.005852777,-0.021701046,-0.019580326,-0.011740511,0.001315789
30/04/2004,0.003537428,-0.022200415,0.020596178,0.007558806,0.029732047,0.012721384,-0.010914228,0.007888042,0.012030659,-0.04844819,0.015145603,-0.010811954,-0.019817022,,0.019763857,0.027776042,0.019687409,0.005166114,0.003942181
31/05/2004,0.003385918,-0.0512918,-0.013188525,0.007138132,-0.01802964,-0.02402835,-0.006305521,-0.027873541,-0.025269596,-0.052089031,-0.023967601,-0.001312078,-0.06674147,,-0.019983276,-0.017071795,-0.02728817,-0.034835503,0.002617801
30/06/2004,0.004224502,0.005579494,0.014709751,0.008651934,0.032694291,0.030642066,0.008892096,0.016832129,0.031002613,0.015321348,0.031755657,0.008374763,0.065448292,,0.030215799,0.02452365,0.046709034,0.046372968,0
31/07/2004,0.003900688,-0.014072611,-0.015424756,0.007923518,-0.039245907,-0.034342509,0.004864986,-0.025598729,-0.034637912,-0.021040896,-0.035283343,-0.000637096,-0.061841137,,-0.036095741,-0.03016651,-0.036944273,-0.031846535,-0.002610966
31/08/2004,0.00425412,0.047742225,0.016528504,0.008547223,0.009070778,0.018063712,0.01574201,0.015289429,0.016999691,0.052833218,0.015282885,0.019107841,0.018161888,,0.014394271,0.011449603,0.008588513,0.000436984,0.002617801
30/09/2004,0.003977651,0.042378254,0.027823733,0.008000792,0.038242587,0.014538356,0.008617744,0.005761095,0.014782511,0.051448797,0.012948736,0.008712608,-0.029178634,,0.004473688,0.034012154,0.042120903,0.029855943,0.001305483
31/10/2004,0.003810332,0.013187166,0.012242708,0.007698463,0.030212889,0.012003906,0.009772903,0.003271157,0.011723272,0.011225821,0.011750506,0.007564668,0.013372594,,0.002284778,0.023231335,0.027373256,0.017899512,0.002607562
30/11/2004,0.004190402,0.042305219,0.02403267,0.008483235,0.033095317,0.011095346,0.012515851,-0.004644093,0.010814529,0.047288621,0.008921266,0.011644413,0.004828206,,-0.004068178,0.028887627,0.051983525,0.035807598,0.00130039
31/12/2004,0.004046738,0.030331995,0.029107407,0.008204545,0.044496909,0.034436305,0.007126891,0.020839092,0.034138665,0.043430172,0.033630745,0.011976278,0.046690393,,0.029033254,0.037786769,0.052036519,0.037422534,0.005194805
31/01/2005,0.004049994,0.024311393,0.013271403,0.008218863,-0.008288863,-0.00377123,-0.001929436,-0.011298765,-0.003665458,0.020483032,-0.004997104,-0.002047349,-0.005717885,,-0.007180993,-0.000946083,0.036852612,0.046315375,-0.005167959
28/02/2005,0.003668665,0.033845894,0.02594697,0.007432243,0.028432366,0.013099485,-0.002793593,-0.010466675,0.013372575,0.064913308,0.010462448,-0.003495232,-0.000383941,,-0.000581637,0.028432261,0.036460957,0.017860052,0.002597403
31/03/2005,0.004141377,-0.026420648,-0.008723477,0.00831099,-0.00464941,-0.002311828,0.003944397,-0.005853093,-0.003352746,-0.048260414,-0.000677682,0.00411749,-0.001982637,,0.000627331,-0.006558142,-0.011704617,-0.008319541,0.00388601
30/04/2005,0.003842453,-0.024284255,-0.022562646,0.00774138,-0.041207983,-0.031497548,0.0151631,-0.025117528,-0.032455152,-0.037161393,-0.032186577,0.012149943,-0.036084595,,-0.029744305,-0.035705734,-0.043228037,-0.042663233,0.003870968
31/05/2005,0.004201111,0.065627768,0.039062589,0.008505776,0.060535214,0.070162749,0.016459412,0.043477556,0.06749748,0.084379056,0.066546313,0.009153122,0.038379974,,0.080684404,0.051646462,0.05298422,0.030737906,0.003856041
30/06/2005,0.003897305,0.054974409,0.033967911,0.007931167,0.030663961,0.027894039,0.014218804,0.020405993,0.027065704,0.051360842,0.025590986,0.01910138,0.015782511,,0.017758835,0.030797639,0.041472442,0.039712554,0
31/07/2005,0.003629389,0.069024041,0.033859036,0.007527487,0.068326629,0.056170966,-0.005956539,0.041884327,0.055743569,0.089229945,0.053654114,-0.008342539,0.028231921,,0.055579127,0.055171068,0.072921193,0.039321142,0.00128041
31/08/2005,0.004070952,-0.037464188,0.011651233,0.008509859,-0.015468165,-0.014199852,0.013647483,-0.01839057,-0.01366736,-0.012698171,-0.01372415,0.020987142,0.047008629,,-0.030646047,-0.006505009,0.008861971,0.025682525,0.002557545
30/09/2005,0.003700047,0.077562375,0.034160612,0.007733114,0.044221275,0.045520793,-0.003106609,0.025066313,0.047235463,0.111270718,0.04305269,0.000957278,0.121687502,,0.024530222,0.041314684,0.045858342,0.017136778,0.00255102
31/10/2005,0.003816456,-0.064662343,-0.028875108,0.007984727,-0.031653625,-0.025347335,0.00105646,-0.019802126,-0.027567938,-0.065934497,-0.024894859,0.004591567,-0.012634696,,-0.017631809,-0.032118876,-0.053789109,-0.029722861,0.001272265
30/11/2005,0.003717989,0.084420252,0.032985267,0.00775113,0.047693975,0.05954566,0.012276999,0.031596245,0.060281154,0.107657378,0.057116272,0.010282526,0.066697285,,0.060913734,0.040280026,0.048434763,0.072407945,0
31/12/2005,0.003731618,0.056413828,0.039389268,0.007764814,0.046610019,0.032261693,0.013956486,0.024692125,0.032740607,0.067491361,0.030281878,0.019241194,0.094392671,,0.007909459,0.043414619,0.056170332,0.045352857,0.002541296
31/01/2006,0.003956255,0.034432931,0.029113968,0.008259868,0.031439962,0.012488285,0.007021695,0.004698274,0.013451932,0.073813943,0.009035024,0.013479996,0.01460591,,-0.008813296,0.029012347,0.05838115,0.048253187,-0.005069708
28/02/2006,0.003443341,0.009856262,0.012026042,0.007206071,0.021877182,0.013561219,0.001251911,0.016896247,0.013412875,0.013684033,0.013392825,-0.00325161,0.006295433,,0.016968596,0.01574818,0.043335478,0.030099296,0.003821656
31/03/2006,0.003815896,0.023528805,0.037885737,0.00798416,0.056063956,0.031941554,-0.014220122,0.01622242,0.03086705,0.018548514,0.031828344,-0.016517743,0.035092441,,0.021774614,0.048847637,0.062654853,0.027858246,0.001269036
30/04/2006,0.003473892,0.025830556,0.010608861,0.007236742,-0.000518505,-0.014673801,-0.012870963,-0.02775979,-0.013956354,0.022210883,-0.01674573,-0.014448741,-0.017960198,,-0.033258908,0.003025976,0.020095619,0.005108429,0.006337136
31/05/2006,0.004159903,-0.095492978,-0.047783179,0.008599202,-0.056388695,-0.063809345,0.006819558,-0.029907277,-0.066961351,-0.130426044,-0.06184938,0.00999538,-0.089079057,,-0.057249298,-0.055493229,-0.072568474,-0.048918071,0.006297229
30/06/2006,0.003807787,0.010584357,0.020061589,0.007841288,0.013049197,0.012516175,-0.005214708,0.008533343,0.011323078,0.009282415,0.011462805,-0.002005428,0.000540917,,0.012746974,0.015051029,-0.001080321,0.006259852,0.002503129
31/07/2006,0.003935216,-0.004810947,0.013181976,0.008103978,0.002954724,-0.00174074,0.012650308,0.004570495,-0.002611962,0.004597899,-0.003190561,0.025760346,-0.014855745,,-0.003585206,0.005729465,-0.012275985,-0.009020389,-0.001248439
31/08/2006,0.004105881,0.013771543,0.007132527,0.008275348,0.017304867,0.007063394,0.009958515,-0.002351717,0.006989383,0.006547801,0.00702538,0.014910937,-0.003722902,,0.004158528,0.012525869,0.014426509,0.023852143,0.005
30/09/2006,0.003898189,0.037985641,0.015758635,0.007797332,0.035081397,0.031430826,0.004421207,0.030318689,0.030175296,0.026777901,0.030450758,-0.000778858,0.001612154,,0.044182425,0.027026983,0.036278311,0.044854099,0.001243781
31/10/2006,0.004391076,0.024926608,0.030310084,0.008696553,0.018348601,0.015534022,0.008240479,-0.002579914,0.016132062,0.025935211,0.015340844,0.01793253,-0.003557481,-0.02475421,0.010993447,0.02139838,0.032018229,0.037180937,0.001242236
30/11/2006,0.004193604,0.032519378,-0.00287654,0.008228656,0.009316215,-0.004059512,0.000974684,-0.006452928,-0.002989312,0.041646753,-0.006657269,0.00070866,-0.023527934,-0.02936472,-0.012704695,0.004071547,0.029811747,0.023478745,0.00248139
31/12/2006,0.004083885,0.045202005,0.03330828,0.007983751,0.040611554,0.027082677,-0.011618884,0.019829957,0.027485198,0.050319021,0.02549237,-0.016168817,0.030032777,0.019748958,0.018730273,0.037331355,0.058408351,0.065487309,0.006188119
31/01/2007,0.004830017,-0.007299756,-0.002532451,0.00927228,0.009883846,0.010207839,-0.013464144,0.009720391,0.009820073,-0.010678299,0.011675993,-0.015333111,0.008330298,0.001735453,0.014674771,0.005779543,0.023048092,0.005971383,-0.008610086
28/02/2007,0.00416503,0.007811455,-0.001686332,0.007930466,-0.005316456,-0.005831966,0.016794616,0.002812109,-0.00645728,-0.007130895,-0.006396672,0.021444446,0.038979323,0.037140556,-0.021421177,-0.004792985,0.004557664,0.006942144,0.004962779
31/03/2007,0.004282911,0.031662643,0.033429116,0.00818355,0.036871961,0.01888176,-0.010481194,0.008890602,0.019220371,0.038820392,0.017474667,-0.011104707,-0.014023138,-0.008772369,0.009999752,0.035396295,0.053087046,0.038831352,0.004938272
30/04/2007,0.004352563,0.029436925,0.024494696,0.008253468,0.056706808,0.025208908,-0.002858708,0.011275531,0.02428723,0.027289269,0.024012204,-0.001962232,-0.038339902,-0.03619582,0.02389404,0.04406937,0.038786469,0.023034871,0.002457002
31/05/2007,0.005215119,0.05499475,0.028203346,0.009794059,0.03204354,0.042860207,-0.009031007,0.026532104,0.041055372,0.060078056,0.039312189,-0.013178642,0.027493902,0.003957351,0.045563003,0.028803753,0.023290735,0.021537663,0.00245098
30/06/2007,0.004527581,0.02783087,-0.007570992,0.008429165,-0.019186147,-0.018174679,-0.011702912,-0.009283929,-0.016982705,0.032123426,-0.021685037,-0.000281098,-0.017035955,-0.0104718,-0.030816129,-0.01427418,-0.03254038,-0.048895479,0.002444988
31/07/2007,0.005125336,0.032150139,-0.033256772,0.009433964,-0.031732121,-0.030166257,0.025276319,-0.022207499,-0.027724256,0.039458235,-0.034513563,0.027974684,-0.014253889,-0.011979436,-0.04354831,-0.033672418,-0.01805745,-0.01487428,-0.006097561
31/08/2007,0.005264397,-0.008356364,-0.002704961,0.009438677,-0.005201784,0.005910653,0.015112011,-0.000224508,0.004648833,-0.01398235,0.006672261,0.017294496,-0.022158068,-0.023117973,0.021893588,-0.003686989,-0.028199857,-0.016743548,0.003680982
30/09/2007,0.004786732,0.118215494,0.018926786,0.008419697,0.046645973,0.040096826,-3.05E-05,0.040432005,0.043184009,0.099374557,0.037117758,0.004896365,0.012875341,0.00644416,0.026585169,0.040158149,0.001169753,-0.03793052,0.001222494
31/10/2007,0.005667715,0.075893397,0.043466159,0.010248712,0.021070992,0.016478979,0.008611043,0.013436185,0.019005731,0.090123231,0.010825693,0.006952007,-0.022998141,-0.005780399,-0.003973783,0.026449204,0.033743981,0.062184505,0.004884005
30/11/2007,0.005089112,-0.072850776,-0.047472974,0.009127764,-0.009699052,-0.030964954,0.017281809,-0.009549402,-0.03435898,-0.061325443,-0.030986722,0.028352594,-0.008207431,-0.010067434,-0.032604464,-0.022027998,-0.070503199,-0.097277629,0.002430134
31/12/2007,0.005252439,0.019937303,0.002596708,0.009426669,0.018922824,0.019492769,0.017032836,0.01115593,0.021495787,0.036570569,0.019603693,0.017693057,-0.007954646,-0.031956585,0.025237785,0.014834738,0.001161182,-0.019137021,0.006060606
31/01/2008,0.004683944,-0.124767712,-0.08665524,0.008844757,-0.109925845,-0.076835377,0.00389932,-0.01320691,-0.080704903,-0.123645751,-0.075211595,0.01652576,-0.044455045,-0.037176274,-0.059106994,-0.103169204,-0.107475564,-0.073687327,-0.007228916
29/02/2008,0.004198212,0.049196443,0.007692564,0.007953469,0.021618766,-0.000121475,0.002898565,-0.001988053,0.002225194,0.073168334,-0.006387697,0.001616946,0.006280788,0.00524732,-0.033750945,0.015444483,0.047257398,0.032888128,0.007281553
31/03/2008,0.005018715,-0.058966031,-0.020537155,0.009315086,0.01795018,-0.010589831,0.00747479,-0.020242844,-0.013831094,-0.052114647,-0.008737856,0.018711419,-0.039740399,-0.010034459,-0.003959288,0.005020267,0.010831532,-0.020881337,0.004819277
30/04/2008,0.004741835,0.085708822,0.062565313,0.00876804,0.043143076,0.05957351,-0.015304774,0.031191376,0.059493257,0.084956899,0.056251479,-0.012574403,0.076419863,0.036915675,0.052033277,0.048922303,0.016211946,0.01188,0.007194245
31/05/2008,0.004350808,-0.015715518,-0.001988161,0.008106632,0.015257238,0.018773539,-0.014415382,-0.000510473,0.017864559,0.020774023,0.017483432,0.000782861,0.027426234,0.023933046,0.01449682,0.006633287,0.010816091,-0.003335046,0.007142857
30/06/2008,0.005213262,-0.109706709,-0.070645952,0.00964505,-0.104906181,-0.089161469,-0.00678332,-0.064006898,-0.088547404,-0.10604686,-0.08620807,0.022572206,-0.074702105,-0.067379951,-0.091215699,-0.093432043,-0.098320293,-0.091858711,0.007092199
31/07/2008,0.004829876,-0.022322846,-0.03601173,0.008990929,-0.018051862,-0.019128299,0.024118128,-0.015685749,-0.021420017,-0.033231268,-0.019878644,-0.002855929,-0.029570642,-0.034236662,-0.004214068,-0.02420486,-0.045893469,-0.040682837,-0.001173709
31/08/2008,0.00446516,0.019018741,0.049954638,0.008355823,0.039678129,0.065867374,0.021028652,0.066468084,0.062641092,-0.000698805,0.070791482,0.041981349,0.042844745,0.043369874,0.101016598,0.043283352,0.057206592,0.059072409,0.007050529
30/09/2008,0.005027516,-0.14861708,-0.132381719,0.009323928,-0.130096747,-0.099364909,0.000953498,-0.098092303,-0.10460852,-0.155802276,-0.09842261,-0.040334918,-0.091427384,-0.061915271,-0.068415884,-0.131074718,-0.174559376,-0.147965266,0.004667445
31/10/2008,0.005088486,-0.166835209,-0.118973227,0.00925061,-0.148766375,-0.112051815,0.00316736,-0.050941768,-0.115421995,-0.198722702,-0.10599053,-0.066043808,-0.059902065,-0.042740626,-0.082591724,-0.131192625,-0.203659711,-0.195860199,-0.00232288
30/11/2008,0.003432889,-0.014210033,-0.01668643,0.007185281,-0.017440343,-0.015733526,0.044630351,0.062758638,-0.016194615,-0.026321874,-0.015175064,-0.026355181,0.03986438,0.07929865,-0.02355385,-0.01922489,-0.033989639,-0.040896695,-0.001164144
31/12/2008,0.002881772,0.161989269,0.036726751,0.007303279,0.166192418,0.107216025,0.051963694,0.148901542,0.10593789,0.15049773,0.101499551,0.091451954,0.153987291,0.163244496,0.077713304,0.123287567,0.138972984,0.032930587,-0.003496503
31/01/2009,0.001871353,-0.078559981,-0.058291479,0.005762256,-0.137518775,-0.090232091,-0.045344175,-0.022622532,-0.087944498,-0.067144796,-0.090105534,-0.007618377,-0.070521392,-0.063640263,-0.087206558,-0.113025118,-0.069696577,-0.008351224,-0.007017544
28/02/2009,0.001597614,-0.047371667,-0.06520133,0.005353426,-0.100494263,-0.088585346,0.013794539,-0.020348877,-0.087564011,-0.045550386,-0.092062543,-0.036354745,-0.113771092,-0.117497897,-0.097277282,-0.091291609,-0.075954606,-0.012285337,0.008244994
31/03/2009,0.001667707,0.142259104,0.032791609,0.00609599,0.082219755,0.077469833,0.024914622,0.027613203,0.076329398,0.137306864,0.069406634,0.031758149,0.015297947,0.040281502,0.080868822,0.063333832,0.066844613,0.053272152,0.002336449
30/04/2009,0.001259668,0.114672016,0.099440401,0.005282929,0.115489661,0.08243416,-0.012792592,0.007256501,0.081489559,0.128287859,0.075814817,-0.002206698,0.060413499,0.037171169,0.059365515,0.102174541,0.187360959,0.214005521,0.002331002
31/05/2009,0.001081574,0.051437403,0.041911522,0.004969779,0.028547358,0.007747909,-0.009821354,-0.036690308,0.010476764,0.075909986,0.002176642,0.012257468,0.01357931,0.005687892,-0.030470935,0.030384179,0.049465692,0.026999238,0.004651163
30/06/2009,0.001085877,-0.011843617,-0.03206636,0.005377187,-0.042555248,-0.02580751,0.009464271,-0.019264922,-0.026317897,-0.034001446,-0.025245226,0.019107292,-0.003607991,0.045238374,-0.01940946,-0.040002376,-0.031392901,-0.012072989,0.003472222
31/07/2009,0.000858164,0.11522365,0.085025235,0.005014147,0.105232952,0.08125406,-0.007583415,0.057997592,0.080808819,0.105039105,0.077499973,-0.005983289,0.035849104,0.008814255,0.068051571,0.097695762,0.078191664,0.083267712,0
31/08/2009,0.000606207,0.014648757,0.077007431,0.0043583,0.08954668,0.058258044,0.036725689,0.042067112,0.053590779,0.013587134,0.059175611,0.032929636,0.057238371,0.067535932,0.053162332,0.081363251,0.119660435,0.116253106,0.003460208
30/09/2009,0.000557324,0.117051669,0.047221496,0.004980696,0.075254837,0.064219026,0.001831942,0.054445535,0.065789949,0.111526722,0.059656112,0.004521905,0.001488897,0.011039399,0.056575843,0.066329494,0.094588695,0.041689107,0.001149425
31/10/2009,0.000465491,-0.033130683,-0.018206065,0.004485565,-0.052973009,-0.046552065,-0.002732182,-0.034633692,-0.044720768,-0.028523413,-0.046989079,0.025242297,-0.054059758,-0.065913386,-0.048094901,-0.040995348,-0.045372812,-0.022991053,0.001148106
30/11/2009,0.000515558,0.032314296,0.029595677,0.004670117,0.034738369,0.046648982,0.008871712,0.025017859,0.045727192,0.047575535,0.045461124,0.014847664,-0.005880826,-0.011129201,0.063874737,0.033575426,0.017365141,-0.007204607,0.003440367
31/12/2009,0.000512871,0.052719751,0.043416732,0.004667421,0.026171184,0.036986437,-0.026325758,0.028203709,0.037300483,0.056369966,0.034504461,-0.023314919,0.024092944,0.030062529,0.035414507,0.031594353,0.022445865,0.035287767,0.005714286
31/01/2010,0.000484163,-0.055817713,-0.03572274,0.004370047,-0.056993398,-0.035819984,0.007081781,-0.005729635,-0.035782705,-0.048427775,-0.03388245,0.001940541,0.026899091,0.014521953,-0.028787077,-0.051774686,-0.004423208,0.00434468,-0.002272727
28/02/2010,0.000482719,0.066170311,0.033730548,0.00423435,0.026951815,0.066221756,-0.003772094,0.060548834,0.065956289,0.056247933,0.067385986,-0.006064023,0.064328079,0.060925355,0.084376304,0.03160643,0.0146951,0.00717668,0.004555809
31/03/2010,0.000581644,0.079254525,0.067581575,0.005005122,0.073991089,0.068776583,0.008047685,0.024431136,0.068192315,0.084644243,0.065780728,0.026316216,0.053748316,0.057978,0.063722443,0.068668726,0.078579801,0.07239151,0.005668934
30/04/2010,0.000535985,0.00412103,-0.013888598,0.004556342,-0.040189407,-0.007698457,0.006544084,-0.003615983,-0.007315664,0.003020914,-0.008843897,0.002688087,-0.010532581,0.006116672,0.006356475,-0.035795882,-0.007881654,0.033028954,0.005636979
31/05/2010,0.000530867,-0.059367217,-0.062252359,0.004282677,-0.080738761,-0.048370431,0.022716732,-0.008116327,-0.0463981,-0.039173966,-0.047433436,0.003149346,-0.03171474,-0.030701756,-0.026559855,-0.074781507,-0.093406192,-0.074794133,0.002242152
30/06/2010,0.000654931,-0.022130924,-0.046249024,0.005078736,-0.030312139,-0.060214579,0.015032038,-0.030288552,-0.058760638,-0.035967936,-0.06213898,0.011521813,-0.04832798,-0.031937392,-0.084621282,-0.036061398,-0.036904849,-0.024057329,0.001118568
31/07/2010,0.000602022,0.025872935,0.068948327,0.004622643,0.067130988,0.035306558,-0.002353788,0.006902454,0.033034102,0.034837714,0.032752364,-0.015157687,-0.010689579,-0.019581865,0.021865218,0.066544373,0.067359352,0.064243297,-0.002234637
31/08/2010,0.000641449,0.002122787,-0.002245713,0.004930853,-0.028452776,-0.018479289,0.044027217,0.009305525,-0.016623369,-0.00079823,-0.019045086,0.047390191,-0.004278093,-0.018756485,-0.027708094,-0.018495279,-0.022424092,-0.00577747,0.005599104
30/09/2010,0.000596454,0.091616511,0.065405792,0.004617055,0.095518452,0.069797468,-0.005333873,0.024213652,0.068618755,0.083726728,0.066258059,0.004163532,0.019956786,0.026234626,0.061861376,0.082497422,0.104382951,0.078712223,0
31/10/2010,0.000584658,0.012248384,0.025335429,0.004470929,0.030830403,0.020913267,-0.013651754,0.018666543,0.021235433,0.014227645,0.022353409,-0.012802121,0.005721012,-0.010633309,0.022762224,0.028316208,0.039556388,0.03576676,0.002227171
30/11/2010,0.000645697,0.006257821,-0.022562423,0.004935122,-0.065402916,0.003352389,-0.005979152,0.001038205,0.00377321,-0.000484952,0.004451546,-0.000572905,0.048195078,0.04420493,0.02600329,-0.051331387,-0.048506394,-0.023254614,0.003333333
31/12/2010,0.000633854,0.062249415,0.071407168,0.004788906,0.086076757,0.070885942,-0.001266555,0.030001037,0.067539106,0.065684148,0.067834457,0.024489594,0.070475066,0.092983225,0.060716766,0.078183409,0.121175855,0.099705825,0.009966777
31/01/2011,0.00064968,-0.035389737,-0.00528223,0.004804795,0.028156945,-0.00351413,-0.018728822,-0.008464115,-0.00719845,-0.049064555,-0.000455172,-0.021614191,-0.021299108,-0.031668212,0.000320971,0.015988318,0.008941174,0.00618927,0.001096491
28/02/2011,0.000610218,-0.031892664,0.023979385,0.004362328,0.012425849,0.014435674,0.007056066,0.00448401,0.01345921,-0.024412296,0.019263272,0.014929782,0.029688945,0.028422397,0.01784107,0.017115554,0.004480198,0.010343766,0.007667032
31/03/2011,0.000682475,0.067185913,-0.008110767,0.004837728,0.015517292,0.010981335,0.003936585,0.019909905,0.013678421,0.074365237,0.004684993,0.007086403,-0.078528405,-0.059879015,0.014653511,0.00623188,0.032023559,-0.000495705,0.002173913
30/04/2011,0.000625626,0.002470013,0.031110009,0.004377792,0.044286475,0.002683378,0.018664507,-0.012119391,0.000347981,-0.009166774,0.001856938,0.019038303,-0.035465195,-0.043264587,-0.010830564,0.037927725,0.02830725,0.047412102,0.010845987
31/05/2011,0.000739132,-0.009840511,-0.007164652,0.005163307,-0.023306817,-0.007852312,0.011838426,-0.000232437,-0.008416654,-0.013213807,-0.007656539,0.014402851,-0.003135574,-0.00213731,0.001230574,-0.020076469,-0.022394208,0.003672756,0.002145923
30/06/2011,0.000673892,0.004738209,-0.004502873,0.004694803,0.011109459,0.009303528,-0.005885848,0.015997603,0.009072188,0.009449627,0.009008019,0.006531028,0.040244771,0.065059994,0.007648555,0.005583346,-0.007809466,-0.010314793,-0.001070664
31/07/2011,0.000653684,-0.019031086,-0.022025703,0.004540224,-0.072245715,-0.039431571,0.032114563,-0.03157799,-0.037885141,-0.026287849,-0.039695752,0.032671173,0.012676359,0.004391305,-0.042183403,-0.055115332,-0.062097821,-0.01527714,0
31/08/2011,0.000768115,-0.077472697,-0.068867077,0.005192422,-0.108045156,-0.06422431,0.015099047,-0.025756665,-0.065506069,-0.081974387,-0.062892945,-0.008004221,-0.073801406,-0.045096669,-0.047373591,-0.092865107,-0.093532693,-0.087874905,0.005359057
30/09/2011,0.000746006,-0.096258137,-0.050068737,0.004767206,-0.08480242,-0.051291638,0.033309595,-0.017144847,-0.053458312,-0.107142358,-0.045052535,0.038279026,0.028029439,0.056387431,-0.02871379,-0.069504718,-0.101213368,-0.054769407,0.006396588
31/10/2011,0.000816531,0.092997251,0.078912805,0.00497234,0.082210779,0.068195466,0.011319594,0.017369548,0.068526166,0.092954446,0.064948678,1.34E-05,-0.037261026,-0.075409293,0.070144986,0.081929556,0.064055048,0.049810148,0.001059322
30/11/2011,0.00082422,-0.054653155,-0.003732977,0.004845735,-0.030515673,-0.002283827,0.021052169,-0.007978533,-0.004461792,-0.04214597,0.001202318,0.059568213,-0.019054509,-0.005680662,0.02311403,-0.020050378,-0.050464954,-0.017455169,0.001058201
31/12/2011,0.000864092,0.012337926,0.008403361,0.004885766,-0.015436911,0.010247922,0.01694374,0.007680452,0.009987838,-0.000167235,0.011470415,0.022808786,0.020414634,0.023225162,0.021870724,-0.003603412,-0.017808896,-0.018411174,0.005285412
31/01/2012,0.00094557,0.085684173,0.027148831,0.005225265,0.042672823,0.0405933,0.004212993,0.026604389,0.042087502,0.09653761,0.034244402,0.00500811,0.029345092,0.030504741,0.028592789,0.03097879,0.078440554,0.087667951,-0.005257624
29/02/2012,0.000846459,0.039520983,0.042890393,0.004723105,0.056913855,0.037502303,-0.01333085,0.011014585,0.037558055,0.04701151,0.036111195,-0.01826644,0.037707864,0.015032314,0.029786433,0.05042127,0.064532339,0.068629235,0.005285412
31/03/2012,0.000849906,-0.030534103,-0.009493797,0.004860514,-0.003255229,0.009202157,-0.00828321,-0.001981013,0.006452803,-0.033553657,0.012666318,-0.00180051,0.01319223,0.016898568,0.032240999,-0.006069989,-0.006074932,0.016281406,0.003154574
30/04/2012,0.000861069,-0.011003237,-0.003281195,0.005005686,-0.054936304,-0.027306757,0.004036153,-0.021881817,-0.027324683,-0.02783155,-0.02724638,-0.003494584,-0.047495764,-0.052050661,-0.022608436,-0.038617864,-0.032798276,-0.008095034,0.006289308
31/05/2012,0.000850829,-0.054914865,-0.067969491,0.004995404,-0.077070469,-0.037250226,0.043221379,0.004632576,-0.039561566,-0.063283428,-0.036044142,0.031577291,-0.039150122,-0.034936491,-0.009186163,-0.07428198,-0.087753856,-0.073877093,-0.001041667
30/06/2012,0.000755781,0.020238219,0.048191539,0.004632077,0.066975631,0.030526136,-0.009403755,0.00595988,0.02978541,0.019196542,0.031322785,-0.02090352,0.031763094,0.035807288,0.021266419,0.059150261,0.033268216,0.028159159,-0.004171011
31/07/2012,0.000720236,0.039558818,0.013305602,0.004998234,0.01180805,0.015316525,0.02030116,0.012174738,0.014757363,0.020586766,0.013922096,0.001128267,-0.02285234,-0.028059734,0.0145699,0.012319246,-0.005053858,0.012839514,0.00104712
31/08/2012,0.000599469,-0.016861691,0.022118219,0.004743,0.036861106,0.010154936,-0.001960552,0.004910006,0.007880745,-0.016857822,0.011440207,0.005230256,-0.020731101,-0.020516848,0.007830615,0.02994524,0.036643258,0.039161055,0.005230126
30/09/2012,0.000500244,0.041553201,0.010859816,0.004241671,0.016120447,0.013479224,-0.006729269,-0.001931081,0.014600491,0.042978686,0.010643634,-0.032537598,0.006497614,0.013318978,0.008566513,0.012661087,0.034485983,0.040152845,0.004162331
31/10/2012,0.000494669,0.007041497,0.010344908,0.004905654,0.022261401,-0.004321687,-0.006997266,0.006437237,-0.004353066,-0.003773518,-0.004445531,0.004356845,-0.016441387,-0.014770668,-0.016579609,0.016895889,0.021437993,0.021231235,0.005181347
30/11/2012,0.000430551,0.028768305,0.017541352,0.004439477,0.037557826,0.018675123,0.007752953,0.008129805,0.018095884,0.018010149,0.018113414,0.030289122,0.02911149,0.011834122,0.010181846,0.031346097,0.011635143,0.004788499,0.002061856
31/12/2012,0.000439234,0.016228955,0.009881253,0.004582104,0.019371163,0.008757586,-0.004756173,0.002198403,0.008275029,0.034157847,0.004484656,0.007619584,0.038175157,0.036853121,-0.005677079,0.013685862,0.043274395,0.036804321,0.004115226
31/01/2013,0.000434313,0.05253049,0.063718585,0.00458817,0.093721655,0.072491778,-0.019009108,0.047163478,0.07249318,0.03939428,0.077487318,0.039108529,0.062904033,0.046181721,0.077944414,0.085192678,0.098989818,0.051480015,-0.005122951
28/02/2013,0.000390417,0.054082611,0.022783155,0.0041417,0.014244685,0.046170615,0.008496242,0.034556201,0.044305298,0.031341127,0.046192301,-0.001515747,0.072315344,0.071356152,0.057857413,0.015582733,0.033776755,0.048549596,0.007209063
31/03/2013,0.000387903,-0.016134561,0.014049079,0.004139179,-0.008426503,0.020059733,0.017887653,0.00612083,0.017948766,-0.017554771,0.023086466,0.03962904,0.048484604,0.061373177,0.036706495,-0.002398338,-0.020963029,0.018493816,0.003067485
30/04/2013,0.000456214,0.000515021,0.00579359,0.004879141,0.025990354,0.005617788,0.011033212,-0.000975967,0.003487666,-0.017018538,0.006339807,0.009375907,0.061185418,0.0536382,-0.005932095,0.017939858,0.015645394,-0.001857813,0.002038736
31/05/2013,0.00042887,-0.017197933,0.029118449,0.004583069,0.032385633,0.025822428,-0.02524051,0.03193727,0.023765099,0.000239229,0.026969015,-0.030012408,-0.031567623,-0.022914508,0.049785872,0.028479691,0.043014225,0.037590727,0.002034588
30/06/2013,0.000387999,-0.059337438,-0.049896471,0.004139275,-0.047915851,-0.027352602,-0.023405073,-0.018176611,-0.029612976,-0.064023527,-0.025026325,-0.045139646,0.017078914,0.008726697,-0.014291112,-0.048641732,-0.036800996,-0.026953741,-0.002030457
31/07/2013,0.00045976,0.021227379,0.067825978,0.004882701,0.076568763,0.049976377,0.007525487,0.030176807,0.048321746,0.010875579,0.053097196,0.003964074,0.00646081,0.010064589,0.050907337,0.074103818,0.080616816,0.079131017,0
31/08/2013,0.000420075,-0.027257177,-0.022129779,0.004439966,-0.037112387,-0.039663606,-0.010466839,-0.024103646,-0.040361962,-0.036789749,-0.040803612,-0.003354036,-0.041030661,-0.04643034,-0.049013574,-0.032447462,-0.013887299,0.006430754,0.004069176
30/09/2013,0.000437566,0.011812203,0.011159995,0.004591802,0.032154528,0.004796063,0.007740279,-0.007983569,0.004569075,0.01736447,0.003004098,0.005346178,0.035022527,0.048740552,-0.015276538,0.023905168,0.034622649,0.027490627,0.004052685
31/10/2013,0.000437963,0.055048754,0.042857736,0.004592202,0.05570898,0.048195208,0.006530644,0.026837813,0.048479904,0.056925252,0.047422438,0.016606992,0.007957243,2.62E-06,0.05388751,0.051149588,0.06118335,0.040582689,0
30/11/2013,0.000414824,-0.029329322,-0.00700026,0.004300436,-0.00666942,-0.004118666,-0.008885882,-0.021805622,-0.00530944,-0.033539252,-0.001769306,-0.006859388,-0.004613515,-0.008291271,0.009974971,-0.007605625,-0.001288048,0.012400965,0.001009082
31/12/2013,0.000458764,-0.0234826,0.018361581,0.004747388,0.005815992,0.007437253,-0.011161843,0.001921774,0.006073496,-0.025282943,0.009938464,-0.01836408,-0.00311841,-0.007824809,0.013527755,0.011145454,0.017371867,0.029246798,0.004032258
31/01/2014,0.000441504,-0.043467207,-0.030569538,0.004595756,-0.029471198,-0.03132715,0.019742984,0.005491642,-0.032523492,-0.057662523,-0.029538351,0.016151591,-0.031092964,-0.009920677,-0.027359918,-0.031158595,0.001145841,0.012396005,-0.006024096
28/02/2014,0.000399,0.025168879,0.052415347,0.004150318,0.053534208,0.028399807,0.001420489,0.019912147,0.028040218,0.013164649,0.02975972,0.000327574,-0.024594037,-0.017380134,0.024753003,0.052282653,0.066319198,0.051324834,0.005050505
31/03/2014,0.000442308,0.023145338,-0.026048356,0.004596564,0.007628717,0.01061943,0.0002907,0.004454222,0.009687912,0.036067562,0.006673271,0.015417986,-0.007726019,-0.004824951,0.013222818,-0.005046306,0.000178667,-0.028030411,0.00201005
30/04/2014,0.000431544,-0.002470146,0.021615546,0.00445148,0.004390501,-0.001897024,0.006967763,-0.008833971,-0.003274442,-0.009364233,-0.002556594,0.009242877,-0.038166208,-0.036319873,-0.005727432,0.011954791,-0.015998519,-0.026696887,0.004012036
31/05/2014,0.000432532,0.039136327,0.013669686,0.004452473,0.020309277,0.027593933,0.0091345,0.014307072,0.028088217,0.041804121,0.02648347,0.011556254,0.047385405,0.050019962,0.029569822,0.015681878,0.008411324,0.004874049,-0.000999001
30/06/2014,0.000459917,-0.002575811,-0.012769476,0.004614246,-0.023255495,-0.000130025,-0.005313247,-0.014251979,-0.000537663,0.007065378,-0.001458478,-0.010966336,0.032290773,0.039556015,0.000786256,-0.020016609,-0.02075328,-0.017512203,0.002
31/07/2014,0.000471432,0.048387808,-0.002989637,0.00462581,-0.036691922,-0.001192589,0.010129003,-0.00749518,0.000482158,0.032336662,-0.003411583,0.009338592,0.018628001,0.02283501,-0.001594003,-0.025518902,-0.038354173,-0.01131224,-0.002994012
31/08/2014,0.000444836,0.024337985,0.021521758,0.004330565,0.021177541,0.040119377,0.033275034,0.017063444,0.03904305,0.039502259,0.038989631,0.052914861,-0.005484593,0.005749151,0.056539453,0.020855234,0.010315845,0.016391281,0.003003003
30/09/2014,0.00049209,-0.049939093,-0.027693856,0.004780857,-0.007426708,-0.007653882,-0.006139999,-0.014507643,-0.008790911,-0.051504845,-0.003363987,-0.008960919,0.017141678,0.00371546,0.009602289,-0.014035554,-0.035142373,-0.033516417,0.000998004
31/10/2014,0.000473111,0.041049292,-0.006865106,0.004627494,-0.013507118,0.019712233,0.013304258,0.01706693,0.020447633,0.025267408,0.019868872,0.017496856,0.000107466,0.000833888,0.037693435,-0.013401482,-0.018324204,-0.007325218,0.000997009
30/11/2014,0.000425482,0.008353363,0.029182689,0.004176898,0.058109665,0.039865101,0.030793872,0.029885596,0.038670394,0.010776882,0.042056275,0.049827056,0.024718812,0.014028176,0.04833361,0.048737807,0.036432389,0.007418851,-0.002988048
31/12/2014,0.000503107,-0.016981318,-0.016004782,0.00492624,-0.047061447,-0.013913269,0.017779213,-0.012182788,-0.015019362,-0.04192706,-0.011834338,0.014582704,-0.010047221,0.004789431,0.001327744,-0.038874132,-0.013410762,0.016519889,0
31/01/2015,0.000461339,0.053727931,0.026237408,0.004481395,0.041858521,0.021028107,0.045680432,0.028663284,0.021953253,0.044408577,0.019373385,0.043614763,0.062432128,0.070581542,0.006700863,0.038148126,0.026497976,0.004368494,-0.007992008
28/02/2015,0.00043132,0.002764886,0.037227784,0.004182756,0.030454126,0.026717526,-0.041777316,-0.003985384,0.025956304,0.001943827,0.028791435,-0.049956093,0.030822728,0.023839384,0.026953665,0.032869069,0.051495733,0.060026474,0.002014099
31/03/2015,0.000492474,0.038217016,-0.016701033,0.004781241,0.029771835,0.025073251,0.019954417,0.02980471,0.024893725,0.026219816,0.024728278,0.037454561,0.056980685,0.057386495,0.024065587,0.013368251,0.015392506,-0.013051325,0.00201005
30/04/2015,0.000465372,0.022431411,0.030313657,0.004485444,0.000130082,-0.008272011,-0.021091651,-0.000212493,-0.005972391,0.040298111,-0.0113452,-0.006653456,0.000211491,-0.003628325,-0.02504327,0.007937771,0.02278959,0.034948479,0.002006018
31/05/2015,0.000448814,-0.019688907,0.013520505,0.004334559,-0.001890275,0.008227163,0.004125848,-0.001076917,0.005763542,-0.033252289,0.010546748,0.002936979,0.020201153,0.018011579,0.019311307,-0.000683828,0.014573402,0.046937804,0.002002002
30/06/2015,0.000498199,-0.067812851,-0.057452428,0.004786989,-0.056617603,-0.051454668,-0.017345541,-0.045150281,-0.052568078,-0.054923449,-0.052287065,-0.023720118,-0.046362566,-0.033321887,-0.048989871,-0.059537146,-0.043281442,-0.018264902,0.000999001
31/07/2015,0.000490371,-0.042822542,0.023964824,0.004644827,0.044196157,0.020693277,0.015965148,0.00460601,0.016569876,-0.062043316,0.025908349,0.026508231,0.01256158,0.018111607,0.028566339,0.039296546,0.031189712,0.014858301,-0.001996008
31/08/2015,0.000447004,-0.088428539,-0.053236588,0.004198499,-0.056147889,-0.052497387,0.002612258,-0.005368121,-0.054924507,-0.07714163,-0.052513247,-0.006121597,-0.044339093,-0.029067713,-0.047270247,-0.057621556,-0.024828987,-0.022185161,0.003
30/09/2015,0.000527194,-0.007997507,-0.027328934,0.004950435,-0.032079309,-0.02170418,0.012305606,0.002329443,-0.021435984,-0.01519451,-0.022101593,-0.000912955,-0.053703079,-0.040374091,-0.010293381,-0.032048811,-0.021221778,-0.025363348,-0.000997009
31/10/2015,0.000473933,0.054779671,0.046922353,0.004494038,0.050085768,0.058156768,-0.011026519,0.019776211,0.057779777,0.05076391,0.058524534,-0.008966713,0.079764541,0.064588279,0.063133209,0.051030678,0.030406283,0.017510597,0.000998004
30/11/2015,0.000485348,0.000268335,0.00567379,0.004639783,0.008245982,0.019311331,0.009217884,0.010209894,0.017502841,-0.014046018,0.020869925,0.00998006,0.015728163,0.030798658,0.02826505,0.007169135,0.013384211,0.000580317,0
31/12/2015,0.000491511,0.024323584,-0.01269165,0.004645971,0.001835995,0.003218307,-0.010132398,0.017330781,0.002885714,-0.001462615,0.003352217,-0.029754989,0.024620077,0.015639221,0.004657094,-0.004979014,0.029270201,0.009088903,0
31/01/2016,0.00046627,-0.042357477,-0.030809953,0.004341812,-0.031320662,-0.022160468,0.036171562,-0.007474345,-0.02361071,-0.028350965,-0.023105444,0.047656325,-0.046412656,-0.024273665,-0.012853046,-0.029434735,-0.049823469,-0.060890021,-0.007976072
29/02/2016,0.000499176,0.008741001,0.008012409,0.004642293,-0.002218411,0.011910824,0.013933396,0.017489058,0.010865636,0.016201008,0.010291995,-0.000660616,-0.010047569,-0.010665078,0.015644157,-0.000367366,0.012659068,0.001933647,0.003015075
31/03/2016,0.000498346,0.081661271,0.019374509,0.004641462,0.040591984,0.040886498,-0.001317108,0.014121019,0.041450288,0.097899139,0.035391477,0.009343874,0.015464195,0.024077597,0.034834579,0.030458298,0.051565217,0.047518694,0.004008016
30/04/2016,0.000466168,-0.019506024,0.011374565,0.004341343,0.00261979,-0.00350784,-0.012045252,-0.007155739,-0.004357651,-0.013507751,-0.00331537,-0.021804133,0.026771504,0.016630624,-0.015384541,0.005128194,2.89E-05,0.011513184,0
31/05/2016,0.000515273,-0.009234066,0.006872846,0.004792394,0.000719901,0.009384746,0.017483592,-0.001674377,0.007726686,-0.031085912,0.012110992,0.01903778,-0.003994462,0.009559914,0.023739206,0.000542402,0.012045008,0.011340255,0.001996008
30/06/2016,0.000472091,0.111868718,0.028185886,0.004481183,0.038577373,0.080738361,0.056270287,0.079056829,0.082203154,0.132310392,0.076593888,0.101430196,0.061967025,0.072191517,0.0910632,0.040361936,-0.003866441,-0.067590335,0.001992032
31/07/2016,0.000411,0.062985549,0.040099085,0.004285961,0.05421556,0.050731126,0.020249204,0.033031716,0.050243103,0.057521953,0.049391933,0.014206976,0.072115569,0.050435536,0.043596268,0.049008228,0.071623109,0.07262444,0
31/08/2016,0.000371429,0.034806821,0.018944155,0.004781871,0.017160908,0.015721512,0.026577589,0.017451292,0.01715418,0.038936854,0.014586115,0.094011314,0.017614166,-0.000580833,0.014367512,0.016734841,0.025127054,0.026419995,0.002982107
30/09/2016,0.00031163,0.026223753,0.016976971,0.004320078,0.016177828,0.014576558,-0.022901949,0.016372636,0.014414335,0.021202267,0.013592825,-0.007534739,0.024382366,0.050833499,0.007997673,0.017020455,0.028387703,0.0215369,0.001982161
31/10/2016,0.000336432,0.046269157,0.005641772,0.004478876,0.037994081,0.04626614,-0.03900886,0.046844594,0.045909361,0.066506004,0.04337823,-0.005534692,0.078007202,0.079449974,0.044183137,0.0293165,0.015047989,-0.013286753,0.00098912
30/11/2016,0.000327057,-0.044545045,-0.016244163,0.00433557,-0.055907593,-0.013211526,-0.012917812,-0.041873463,-0.015384903,-0.067792671,-0.008759836,-0.053778029,-0.046379509,-0.052291635,0.012539441,-0.044065587,-0.042764523,0.009408123,0.001976285
31/12/2016,0.000306118,-0.00016351,0.050110417,0.004314544,0.069530993,0.035386879,0.01800852,0.018660347,0.032970595,0.013360747,0.035322355,0.034182616,0.020939245,0.016040246,0.030638219,0.064119438,0.058798824,0.050493035,0.004930966
31/01/2017,0.000317594,0.039133048,-0.003343581,0.004604879,0.006840756,0.008233094,-0.017409068,0.002943374,0.009012513,0.035902174,0.005860068,0.001150822,0.01869733,0.01251373,0.000464738,0.002556489,0.017871113,0.006595613,-0.004906771
28/02/2017,0.000263132,0.045831352,0.031063118,0.003879738,0.020656174,0.040164137,0.030791975,0.020040106,0.039371404,0.041958432,0.039058288,0.01106185,0.022313545,0.039842027,0.050391386,0.023085948,0.024529564,0.024267979,0.006903353
31/03/2017,0.000303534,0.025807619,0.012271156,0.004591491,0.045647831,0.007164485,0.003358656,0.002945797,0.007332697,0.020283618,0.00576215,0.006704138,-0.008502598,-0.005507629,-0.004142085,0.035124959,0.028121248,0.026488605,0.003917728
30/04/2017,0.000257781,-0.018265704,-0.003685653,0.004008569,0.009857965,-0.017836853,0.002375854,-0.019166407,-0.018403326,-0.012309677,-0.019157376,0.024272878,-0.023327797,-0.015272866,-0.023884631,0.000658355,0.028258293,0.038822519,0.003902439
31/05/2017,0.000281984,0.028880658,0.043638969,0.004704139,0.054679877,0.024828246,0.004525983,0.02086723,0.024299196,0.031797542,0.023369312,-0.016842442,0.032318418,0.035824755,0.015521306,0.050765824,0.050540911,0.027368434,0.003887269
30/06/2017,0.000241467,0.012210779,-0.024652483,0.004260639,-0.012684616,-0.001480741,-0.019641604,-0.010545647,-0.001639782,0.003847229,-0.002335035,-0.029503787,0.004382947,0.015746336,-0.0003814,-0.017013481,-0.015324555,-0.028603136,0
31/07/2017,0.000249494,0.036168466,0.011678709,0.00440295,0.018119207,0.01058971,0.00295832,0.003696975,0.012818216,0.044015836,0.0088649,-0.012677784,0.005217604,0.002431747,0.005185937,0.014698683,0.0269916,0.028813226,-0.000968054
31/08/2017,0.000238462,0.033576304,0.013906634,0.004391871,0.028345534,0.026536959,0.018862178,0.021878293,0.027047504,0.04594959,0.024567459,0.047306151,0.022599178,0.029505178,0.025486319,0.023721893,0.020660393,0.00754367,0.005813953
30/09/2017,0.000242446,-0.042380812,-0.004256458,0.004127389,-0.010403725,-0.019515363,-0.02581688,-0.035197466,-0.021023341,-0.043397738,-0.018022178,-0.03992987,-0.020756263,-0.018968986,-0.020148473,-0.007886915,-0.003601173,0.010091088,0.002890173
31/10/2017,0.000329531,0.051344612,0.018640028,0.004617599,0.014657206,0.03075256,0.002787043,0.01740243,0.031296575,0.045734552,0.029410106,0.008858795,0.056891991,0.055517816,0.033545458,0.015067307,0.011309716,0.021191687,0.000960615
30/11/2017,0.000424037,-0.012967091,-0.016550304,0.004443942,-0.015896705,0.001454118,0.002716968,-0.013733093,5.45E-06,-0.017017341,0.002270468,0.006024008,0.010356481,0.00768866,0.010339324,-0.016827732,-0.01740648,-0.01591898,0.003838772
31/12/2017,0.00041117,0.031524916,0.047750893,0.004296769,0.005342456,0.01687753,0.014070738,-0.007589086,0.016798414,0.0365861,0.014197893,0.019927239,0.00764061,0.019223885,0.011404902,0.015752805,0.029161165,0.035113476,0.002868069
31/01/2018,0.000471528,0.015144951,-0.019349034,0.004894522,0.012408932,0.0027069,-0.019957872,-0.013972618,0.004932786,0.030553208,0.001494526,-0.026451847,-0.005135216,-0.007412312,0.005424357,0.002680235,0.004315116,-0.03057376,-0.004766444
28/02/2018,0.000415993,-0.016695949,-0.032723214,0.004167374,-0.026634754,-0.009544355,0.002479083,0.019013144,-0.01126529,-0.015520485,-0.010677363,0.003504866,0.016535365,0.007194588,-0.006608072,-0.028585263,-0.017456998,-0.032214534,0.004789272
31/03/2018,0.000488387,-0.039590429,-0.018249266,0.004374287,-0.032699524,-0.03770874,0.020458574,-0.023714714,-0.038810437,-0.036047984,-0.039194608,0.024598505,-0.038523925,-0.023976696,-0.043181357,-0.029604555,-0.028030673,-0.006753041,0.000953289
30/04/2018,0.000656238,0.028639962,0.064278207,0.004945706,0.040603789,0.029226857,-0.010040881,0.012777529,0.028202321,0.013971015,0.030180895,-0.026179385,0.025273098,0.02153496,0.022044085,0.046659981,0.036833506,0.057795353,0.003809524
31/05/2018,0.000546506,0.026526678,0.027914998,0.004701195,-0.009240395,0.036546555,0.017500618,0.029393989,0.036386669,-0.001581599,0.041582057,0.02355621,0.024899484,0.029833832,0.059254673,0.001112042,0.015586496,0.009174798,0.003795066
30/06/2018,0.000503086,-0.029929317,-0.00180891,0.004389043,0.002942561,0.004481395,-0.005622845,0.000717178,0.002421704,-0.03399777,0.007396451,-0.006815207,-0.017509449,-0.019255287,0.013683533,0.00112272,-0.0027005,-0.006462095,0
31/07/2018,0.00064535,0.017303423,0.012905572,0.004934772,0.050582742,0.038625861,-0.003548716,0.002126538,0.036832956,0.028590446,0.037915814,0.004736365,0.010499689,0.002327168,0.043574062,0.039982533,0.021534564,0.003124892,0
31/08/2018,0.000681689,-0.002084325,-0.027611221,0.004836939,-0.014143187,0.018918922,0.001559311,0.019762882,0.01715839,-0.018057446,0.021719673,-0.006459295,0.011465858,0.000163528,0.041415023,-0.01895581,-0.002896987,-0.006517493,0.006616257
30/09/2018,0.000612356,-0.017046032,0.00700508,0.004364473,-0.00456319,0.0034353,-0.015377002,-0.007101932,0.00104208,-0.008585806,0.002252354,-0.01037282,0.026981523,0.024315776,0.001957719,0.000252571,-0.015709131,-0.010509583,0.000938967
31/10/2018,0.000725545,-0.084123577,-0.051927418,0.005149662,-0.061429023,-0.054739001,0.00927824,-0.015806061,-0.055898284,-0.068292888,-0.054356112,0.028050666,-0.065709762,-0.080376579,-0.049495895,-0.057304441,-0.075183886,-0.071813334,0.000938086
30/11/2018,0.00071241,0.046133472,-0.016446294,0.004733473,-0.004567039,0.01352722,-0.011772342,0.00572232,0.016096377,0.042720269,0.01282626,-0.032865826,0.005409626,0.027253037,0.021100481,-0.007879624,-0.023156699,-0.011923554,0.002811621
31/12/2018,0.000764021,-0.026223866,-0.037488267,0.004919615,-0.046309271,-0.069941285,0.02185483,-0.016426956,-0.068767627,-0.02484552,-0.074369447,0.024570847,-0.065119996,-0.074071429,-0.089095599,-0.044464209,-0.051395302,-0.05294027,0.000934579
