Fund Name,Asian Fund,Corporate Bond Fund,Dividend Fund,Episode Growth Fund,European Select Fund,Fund of Investment Trust Shares,Gilt & Fixed Interest Income Fund,Global High Yield Bond Fund,Global Select Fund,Global Themes Fund,Japan Fund,Japan Smaller Companies Fund,Managed Growth Fund,North American Dividend Fund,Pan European Select Fund,Pan European Select Smaller Companies Fund,Recovery Fund,Short Dated Corporate Bond Fund,Smaller Companies Fund,UK Income Distribution Fund,UK Select Fund
Benchmark,MSCI AC Asia Pacific ex  Japan,No Specified Index,FTSE All Share,,FTSE World Europe EX UK,FTSE World,FTSE Actuaries UK Conventional Gilts All Stocks Index,No Specified Index,MSCI World,MSCI All Country World  Index,MSCI Japan,Russell Nomura Mid-Small Index,,S&P 500,MSCI Europe,EMIX Smaller European Companies Index,FTSE All Share,Markit iBoxx € Corporates 1-3 (GBP Hedged) Index,Numis Smaller Companies (ex ITs),FTSE All Share,FTSE All Share
Benchmark Code,M899903.N,,ASX.N,,WIEXUKS.N,WORLDS.N,BG05.N,,M990100.N,M892400.N,M939200.N,K6YP.N,,SP500.N,M990500.N,SMEUR.N,ASX.N,,HGSCEXT.N,ASX.N,ASX.N
Citicode,MG42,MA85,MG39,0ZF2,MG10,MG43,MG45,MY22,MG48,MG34,MA03,MA01,0ZF6,MG31,MA70,MG26,MG52,MA78,MG54,MG41,MG36
ISIN,GB0030939556,GB0031285678,GB0031286197,GB00B5V3ZY14,GB0030928773,GB0031288680,GB0031108433,GB0031957219,GB0030938038,GB0030932452,GB0030938475,GB0030939002,GB00B7K52D01,GB0030926843,GB0030927817,GB0030929631,GB0031289217,GB0031110397,GB0031289431,GB0031107468,GB0031111817
Mstar Analyst Rating,2,4,0,2,0,0,0,3,0,0,0,0,0,0,4,0,3,0,0,0,0
Mstar Rating,3,3,1,2,2,4,3,3,3,3,4,3,3,3,4,2,1,1,2,3,2
Name,M&G Asian A Acc GBP,M&G Corporate Bond A Inc GBP,M&G Dividend A Acc GBP,M&G Episode Growth I Acc GBP,M&G European Select A Acc GBP,M&G Fund of Investment Trust Shares A Acc GBP,M&G Gilt & Fixed Interest Income A Acc GBP,M&G Global High Yield Bond A Acc GBP,M&G Global Select A Acc GBP,M&G Global Themes A Acc GBP,M&G Japan A Acc GBP,M&G Japan Smaller Companies A Acc GBP,M&G Managed Growth I Acc GBP,M&G North American Dividend A Acc GBP,M&G Pan European Select A Acc GBP,M&G Pan European Select Smaller Companies A Acc GBP,M&G Recovery A Acc GBP,M&G Short Dated Corporate Bond A Inc GBP,M&G Smaller Companies A Acc GBP,M&G UK Income Distribution A Acc GBP,M&G UK Select A Acc GBP
30/11/1982,0.046875,,,,,,,,0.052023121,-0.007949126,,,,,,,0.013284133,,0.027777778,,0.048303623
31/12/1982,0.059701493,,,,,,,,0.074725275,0.014423077,,,,,,,0.040058267,,0.060256978,,0.031267142
31/01/1983,0.138204225,,,,,,,,0.065098841,0.18957346,,,,,,,0.011904762,,0.049310489,,0.036702128
28/02/1983,0.066511988,,,,,,,,-0.00032,-0.091633466,,,,,,,0.053287197,,0.046594982,,0.023088763
31/03/1983,0.044234953,,,,,,,,0.062419974,-0.046783626,,,,,,,0.061103811,,0.01065449,,0.047141424
30/04/1983,-0.0125,,,,,,,,0.081048509,0.105828221,,,,,,,0.083591331,,0.057605422,,0
31/05/1983,-0.049929677,,,,,,,,-0.010033445,0.048543689,,,,,,,0.006285714,,-0.032751869,,0.059386973
30/06/1983,0.07253886,,,,,,,,0.067004505,0.017195767,,,,,,,0.038046564,,0.039749724,,0.057866184
31/07/1983,0.026224983,,,,,,,,0.021372032,0.118335501,,,,,,,0.006017505,,0.000707965,,0
31/08/1983,-0.008742434,,,,,,,,0.018083183,0.08255814,,,,,,,0.026101142,,0.021931376,,0.034188034
30/09/1983,-0.05156038,,,,,,,,-0.027404212,0.051557465,,,,,,,0.0063593,,0.014884043,,-0.010330579
31/10/1983,-0.024320458,,,,,,,,-0.073310723,-0.097037794,,,,,,,-0.061084781,,-0.035129604,,-0.047599165
30/11/1983,0.062316716,,,,,,,,0.106137387,0.058823529,,,,,,,0.06281548,,0.070696359,,0.058746164
31/12/1983,0.040027605,,,,,,,,0.035377959,0.036324786,,,,,,,0.073350923,,0.000990426,,0
31/01/1984,0.161911082,,,,,,,,0.060963618,0.062886598,,,,,,,0.107177974,,0.053759894,,0.110973085
29/02/1984,-0.08966305,,,,,,,,0.038461538,-0.043646945,,,,,,,0.053730018,,-0.007198748,,-0.013790533
31/03/1984,0.021329987,,,,,,,,0.052208835,0.023326572,,,,,,,0.081331648,,0.058007566,,0
30/04/1984,0.033783784,,,,,,,,0.014206955,0.018830525,,,,,,,-0.013639906,,0.006853397,,0.069538927
31/05/1984,-0.083778966,,,,,,,,-0.101400794,-0.186770428,,,,,,,-0.117344923,,-0.068955312,,-0.100353357
30/06/1984,-0.044747082,,,,,,,,-0.004420661,-0.041866029,,,,,,,-0.002238138,,0.025429116,,0
31/07/1984,0.029192125,,,,,,,,-0.057723767,0.071161049,,,,,,,-0.027366532,,-0.032858029,,-0.0290652
31/08/1984,0.07585752,,,,,,,,0.097470238,0.083916084,,,,,,,0.087638376,,0.081410256,,0.089805825
30/09/1984,0.059472716,,,,,,,,0.044971751,0.030107527,,,,,,,0.043681086,,0.013930053,,0
31/10/1984,-0.054976852,,,,,,,,-0.017517301,0.027139875,,,,,,,0.003250711,,0.0239696,,0.026354863
30/11/1984,0.051439069,,,,,,,,0.033678186,0.040650407,,,,,,,0.015795869,,0.038823865,,0.019529837
31/12/1984,0.033197437,,,,,,,,0.006388416,-0.063476563,,,,,,,0.070175439,,0.019510855,,0.067754523
31/01/1985,0.080045096,,,,,,,,0.038933559,0.026068822,,,,,,,0.030551416,,0.027493261,,0.03986711
28/02/1985,0.006784969,,,,,,,,0.002240326,-0.12703252,,,,,,,0.028922632,,0.021248688,,-0.009584665
31/03/1985,-0.10316226,,,,,,,,-0.014427962,0.02677532,,,,,,,0.055165144,,0.032108913,,0
30/04/1985,0.002312139,,,,,,,,0.018969072,-0.007936508,,,,,,,0.013986014,,0,,0.030322581
31/05/1985,0.005767013,,,,,,,,0.00951032,-0.028571429,,,,,,,0.043021346,,0.011199602,,0.022542267
30/06/1985,-0.072247706,,,,,,,,-0.050310684,-0.050588235,,,,,,,-0.066120907,,-0.042333251,,0
31/07/1985,-0.062422744,,,,,,,,-0.044533558,0.074349442,,,,,,,0.028320971,,-0.005140067,,-0.078077159
31/08/1985,-0.010547132,,,,,,,,0.024961343,0.021914648,,,,,,,0.043606557,,0.055282873,,0
30/09/1985,0.08994004,,,,,,,,-0.005172414,-0.018058691,,,,,,,0.021677663,,-0.007343941,,0.051477914
31/10/1985,-0.07396088,,,,,,,,0.028379549,-0.04137931,,,,,,,0.054428044,,0.049815043,,0.062539482
30/11/1985,-0.077887789,,,,,,,,0.03307352,-0.088729017,,,,,,,0.01341499,,0.022786,,0
31/12/1985,-0.062276306,,,,,,,,0.00632137,-0.039473684,,,,,,,-0.025899281,,-0.025723473,,0.012485137
31/01/1986,0.002290076,,,,,,,,0.050861196,0.123287671,,,,,,,0.079468242,,0.040075436,,0.027011157
28/02/1986,-0.04112719,,,,,,,,0.054184342,-0.114634146,,,,,,,0.083743842,,0.061423391,,0.079188107
31/03/1986,-0.039714059,,,,,,,,0.050118895,0.108815427,,,,,,,0.098989899,,0.042707666,,0.072847682
30/04/1986,0.035566584,,,,,,,,0.012367183,0.00621118,,,,,,,0.079044118,,0.044644686,,0.016790123
31/05/1986,0.033546326,,,,,,,,-0.009119064,0.027160494,,,,,,,-0.012989779,,0.013918839,,0
30/06/1986,0.014683153,,,,,,,,0.002951901,-0.085336538,,,,,,,0.03236246,,0.028035576,,-0.010927635
31/07/1986,0.054074638,,,,,,,,0.006925208,-0.073587385,,,,,,,-0.045141066,,-0.027835245,,-0.035845814
31/08/1986,0,,,,,,,,0.063961486,0.215602837,,,,,,,0.026045086,,0.019346102,,0
30/09/1986,,,,,,,,,-0.014221073,0.17386231,,,,,,,-0.033489761,,-0.001897893,,0.009421951
31/10/1986,,,,,,,,,0.023934426,0.212723658,,,,,,,0.035312293,,0.006845408,,0.034561049
30/11/1986,,,,,,,,,0.017451169,-0.010655738,,,,,,,0.017693456,,0.03210576,,0
31/12/1986,,,,,,,,,-0.009756098,0.072908036,,,,,,,0.051319648,,0.02799634,,0.040965618
31/01/1987,,,,,,,,,0.045288416,0.007722008,,,,,,,0.096632795,,0.080811677,,0
28/02/1987,,,,,,,,,0.025235634,0.091187739,,,,,,,0.107376453,,0.087615283,,
31/03/1987,,,,,,,,,0.022390273,0.1875,,,,,,,0.061033634,,0.096153846,,0.229093465
30/04/1987,,,,,,,,,-0.032342277,0.08693081,,,,,,,0.032627184,,0.02859511,,0.004002287
31/05/1987,,,,,,,,,0.03147482,-0.034276387,,,,,,,0.061695118,,0.084474886,,0
30/06/1987,,,,,,,,,0.038070328,-0.070422535,,,,,,,0.097179126,,0.119752322,,0.117122248
31/07/1987,,,,,,,,,0.083566629,0.225454545,,,,,,,0.119681193,,0.116014156,,0.099745115
31/08/1987,,,,,,,,,-0.011238858,0.026706231,,,,,,,-0.066819747,,-0.030423149,,-0.057787392
30/09/1987,,,,,,,,,0.036451529,0.083333333,,,,,,,0.040108268,,0.036283729,,0.070514923
31/10/1987,,,,,,,,,-0.295978823,-0.554468653,,,,,,,-0.282824698,,-0.213038761,,0
30/11/1987,-0.021117166,,,,,,,,-0.038495971,0.071856287,,,,,,,-0.062180439,,-0.152650708,,-0.333639706
31/12/1987,0.04453723,,,,,,,,0.042271881,-0.106145251,,,,,,,0.102180795,,0.074249371,,0.10091954
31/01/1988,0.060626249,,,,,,,,0.030373414,-0.05,,,,,,,0.033508856,,0.074487127,,0
29/02/1988,-0.008165829,,,,,,,,0.046818103,0.014254386,,,,,,,0.008800371,,0.004100461,,0.028607225
31/03/1988,0.001266624,,,,,,,,-0.018883551,0.059459459,,,,,,,-0.011019284,,-0.01352731,,0.00365408
30/04/1988,0.048703352,,,,,,,,0.035623839,0.073469388,,,,,,,0.038378211,,-0.001164295,,0
31/05/1988,0.010253317,,,,,,,,-0.017606782,0.092205323,,,,,,,0.010730253,,0.021499806,,0.037419094
30/06/1988,0.146865672,,,,,,,,0.082807833,0.08181027,,,,,,,0.051312297,,0.074933435,,0.064340027
31/07/1988,0.011452369,,,,,,,,-0.015632184,0.013676589,,,,,,,-0.004207574,,0.019698042,,0
31/08/1988,-0.075141534,,,,,,,,-0.025221859,-0.014285714,,,,,,,-0.053098592,,-0.036668595,,-0.064847042
30/09/1988,-0.00556483,,,,,,,,0.029707714,-0.063607085,,,,,,,0.074669047,,-0.010206532,,0.042899119
31/10/1988,0.026301063,,,,,,,,0.012719094,0.078245916,,,,,,,0.021591696,,0.0338469,,0.025544703
30/11/1988,-0.019083969,,,,,,,,-0.029866748,-0.086124402,,,,,,,-0.00812898,,0.015254635,,-0.043040293
31/12/1988,0.036131184,,,,,,,,0.035364698,0.008726003,,,,,,,0.011337249,,-0.024271845,,0
31/01/1989,0.127682403,,,,,,,,0.081884721,0.150519031,,,,,,,0.104538088,,0.104122246,,0.119617225
28/02/1989,-0.003805899,,,,,,,,0.021000705,-0.145864662,,,,,,,0.003179261,,0.041841004,,-0.010598291
31/03/1989,0.039159503,,,,,,,,0.032302595,0.038732394,,,,,,,0.027181863,,0.022860673,,0.021596406
30/04/1989,0.080422794,,,,,,,,0.034634929,-0.049152542,,,,,,,0.018511926,,0.009463405,,0
31/05/1989,0.045512548,,,,,,,,0.064495282,0.054367201,,,,,,,0.013398579,,0.008776304,,0.023845764
30/06/1989,-0.023189585,,,,,,,,0.00728509,-0.026204565,,,,,,,0.022418947,,0.017399901,,0.024777007
31/07/1989,0.012911287,,,,,,,,0.027242044,0.080729167,,,,,,,0.040593725,,0.027013896,,0.040618956
31/08/1989,0.0390625,,,,,,,,0.055503403,0.180722892,,,,,,,0.01642533,,0.004163119,,0.013320942
30/09/1989,0.023743569,,,,,,,,-0.004002223,-0.085714286,,,,,,,-0.031894535,,-0.035805145,,0
31/10/1989,0.001546193,,,,,,,,-0.030248912,0.015625,,,,,,,-0.077201845,,-0.121372032,,-0.087893611
30/11/1989,0.067155538,,,,,,,,0.04017035,0.033699634,,,,,,,0.037605617,,0.02002002,,0.040723982
31/12/1989,0.034358047,,,,,,,,0.015934492,-0.03827073,,,,,,,0.041059755,,0.040344564,,0
31/01/1990,-0.062587413,,,,,,,,-0.071996515,-0.005895357,,,,,,,-0.013330396,,0.001676973,,0.034621578
28/02/1990,0.008205893,,,,,,,,-0.023474178,-0.123054114,,,,,,,-0.040531487,,-0.025321754,,-0.032996109
31/03/1990,0.004439512,,,,,,,,0.010817308,0,,,,,,,-0.001861981,,-0.059366613,,0
30/04/1990,-0.02320442,,,,,,,,-0.023781213,-0.054099746,,,,,,,-0.069488166,,-0.042113673,,-0.072267826
31/05/1990,0.059200603,,,,,,,,0.096224117,0.016979446,,,,,,,0.09998747,,0.040271655,,0.091429563
30/06/1990,-0.023851905,,,,,,,,-0.024444444,-0.041300527,,,,,,,0.013782891,,0.055091055,,0
31/07/1990,0.005835157,,,,,,,,-0.046697039,0.028414299,,,,,,,-0.013483146,,0.007815892,,0.015418852
31/08/1990,-0.179477883,,,,,,,,-0.119474313,-0.058823529,,,,,,,-0.113895216,,-0.104696252,,-0.082654978
30/09/1990,-0.132567388,,,,,,,,-0.074626866,-0.03219697,,,,,,,-0.100257069,,-0.092396535,,0
31/10/1990,0.051451859,,,,,,,,0.011730205,-0.126223092,,,,,,,0.014285714,,0.006760339,,-0.057508532
30/11/1990,-0.063468992,,,,,,,,0.008695652,-0.031354983,,,,,,,0.01971831,,-0.006714944,,-0.001086366
31/12/1990,0.040869115,,,,,,,,0.022988506,-0.009248555,,,,,,,0.016574586,,0.024390244,,0.002718869
31/01/1991,0.014413519,,,,,,,,0.008426966,0.012835473,,,,,,,-0.032608696,,-0.074145963,,-0.025849602
28/02/1991,0.117589417,,,,,,,,0.129526462,0.105990783,,,,,,,0.140449438,,0.154437456,,0.129708666
31/03/1991,0.106970627,,,,,,,,0.062885327,0.133333333,,,,,,,0.066502463,,0.090556901,,0
30/04/1991,0.013069307,,,,,,,,0.031322506,0.100183824,,,,,,,-0.004618938,,0.015874778,,0.054369251
31/05/1991,-0.003909304,,,,,,,,0.010123735,-0.07101086,,,,,,,-0.030162413,,-0.006665938,,-0.021498676
30/06/1991,0.011381476,,,,,,,,-0.004454343,0.052158273,,,,,,,-0.031100478,,-0.013531353,,0
31/07/1991,-0.011253395,,,,,,,,0.01901566,0.042735043,,,,,,,0.02962963,,0.014832162,,0.032319694
31/08/1991,-0.041993721,,,,,,,,0.013172338,-0.005737705,,,,,,,0.069544365,,0.029230769,,0
30/09/1991,-0.019664072,,,,,,,,-0.019501625,0.001648805,,,,,,,0.002242152,,0.045910741,,0.022825416
31/10/1991,0.024655244,,,,,,,,0.01878453,0.0781893,,,,,,,-0.015659955,,0.003062474,,0.006936068
30/11/1991,-0.021207178,,,,,,,,-0.04989154,-0.041221374,,,,,,,-0.075,,-0.020761246,,0
31/12/1991,-0.044583333,,,,,,,,0.003424658,-0.069267516,,,,,,,-0.041769042,,-0.0393889,,-0.088649296
31/01/1992,0.069341474,,,,,,,,0.051194539,0.053892216,,,,,,,0.046153846,,0.011035378,,0.049786395
29/02/1992,0.037112561,,,,,,,,0.00974026,0.016233766,,,,,,,0.014705882,,0.007704655,,0
31/03/1992,0.012583563,,,,,,,,-0.020364416,0.019169329,,,,,,,-0.026570048,,-0.077200807,,-0.010486774
30/04/1992,0.017087379,,,,,,,,0,0,,,,,,,0.148883375,,0.114269275,,0.111673521
31/05/1992,0.066437572,,,,,,,,0.02297593,-0.010971787,,,,,,,0.021598272,,0.056077662,,0
30/06/1992,-0.066237021,,,,,,,,-0.064171123,-0.06022187,,,,,,,-0.080338266,,-0.069137493,,-0.044820717
31/07/1992,-0.088957055,,,,,,,,-0.032,-0.035413153,,,,,,,-0.114942529,,-0.107469272,,-0.093251899
31/08/1992,-0.047558923,,,,,,,,-0.029515939,-0.09965035,,,,,,,-0.05974026,,-0.08556968,,-0.060620996
30/09/1992,0.114449845,,,,,,,,0.114355231,0.059223301,,,,,,,0.129834254,,0.034238641,,0.117348723
31/10/1992,0.199444885,,,,,,,,0.105895197,0.06324473,,,,,,,0.036674817,,-0.006347231,,0
30/11/1992,0.024793388,,,,,,,,0.049358342,0.018965517,,,,,,,0.04009434,,0.017910822,,0.088276726
31/12/1992,-0.012903226,,,,,,,,0.002822201,0.042301184,,,,,,,0.090702948,,0.161314138,,0.05321444
31/01/1993,0.008169935,,,,,,,,0.005628518,-0.002435065,,,,,,,0.076923077,,0.09429964,,0
28/02/1993,0.136466775,,,,,,,,0.055970149,0.126932465,,,,,,,0.007722008,,0.036696359,,
31/03/1993,0.003137479,,,,,,,,0.014134276,0.033212996,,,,,,,0.040229885,,0.020080321,,0.094769903
30/04/1993,0.073642309,,,,,,,,-0.007839721,0.016771488,,,,,,,0.033149171,,0.019685039,,-0.003742048
31/05/1993,0.046080508,,,,,,,,0.020193152,0.072164948,,,,,,,0.010695187,,0.034928616,,0.005508952
30/06/1993,-0.006075949,,,,,,,,0.012048193,0.012820513,,,,,,,0.029982363,,0.026635433,,0.032125514
31/07/1993,0.041518085,,,,,,,,0.035714286,0.103164557,,,,,,,0.018835616,,-0.000845094,,0
31/08/1993,0.05820494,,,,,,,,0.049261084,0.013769363,,,,,,,0.067226891,,0.078744819,,0.084690554
30/09/1993,0.00924428,,,,,,,,-0.012519562,-0.049235993,,,,,,,-0.018897638,,0.004782813,,-0.016016016
31/10/1993,0.121593771,,,,,,,,0.055467512,0.12202381,,,,,,,0.016051364,,0.018415919,,0
30/11/1993,-0.035320539,,,,,,,,-0.035285285,-0.065251989,,,,,,,-0.017377567,,-0.027430848,,0.009833842
31/12/1993,0.178624339,,,,,,,,0.079377432,0.152099886,,,,,,,0.075562701,,0.049160955,,0.092679651
31/01/1994,-0.039145268,,,,,,,,0.025955299,0.116256158,,,,,,,0.077727952,,0.099121424,,0.039541078
28/02/1994,0.025789572,,,,,,,,0,-0.036187114,,,,,,,-0.019417476,,0.030812325,,-0.033011431
31/03/1994,-0.109673893,,,,,,,,-0.044975404,-0.092032967,,,,,,,-0.043847242,,-0.048846766,,-0.042698461
30/04/1994,0.015142214,,,,,,,,0.012509198,0.00706001,,,,,,,0.026627219,,0.013518222,,0
31/05/1994,0.007458174,-0.032953621,,,,,,,-0.00872093,0.047070606,,,,,,,-0.060518732,,-0.01760055,,-0.035235257
30/06/1994,-0.032212885,0.011358856,,,,,,,-0.021994135,-0.088474414,,,,,,,-0.018404908,,-0.063755336,,0.005627276
31/07/1994,0.024602026,-0.003327787,,,,,,,0.029985007,0.075026233,,,,,,,0.053125,,0.017640903,,0
31/08/1994,0.039749798,0.010434057,,,,,,,0.032751092,0.041971694,,,,,,,0.037091988,,0.030777141,,0.081084047
30/09/1994,-0.032796429,-0.018174308,,,,,,,-0.046511628,-0.047775176,,,,,,,-0.067238913,,-0.030570797,,-0.053486248
31/10/1994,-0.017857143,0.016010391,,,,,,,-0.013303769,-0.019183473,,,,,,,0.003067485,,-0.024845634,,0.007720352
30/11/1994,-0.042083759,0.020442915,,,,,,,-0.02247191,-0.022066199,,,,,,,-0.003058104,,0,,-0.018514578
31/12/1994,-0.008104073,-0.005926529,,,,,,,-0.006130268,0.007692308,,,,,,,-0.009202454,,0.004598221,,0
31/01/1995,-0.110728876,0.017506415,,,,,,,-0.059367772,-0.086005089,,,,,,,-0.037151703,,-0.029038793,,-0.003794449
28/02/1995,0.041827853,0.001258911,0.012987013,0.002713179,0.026315789,0.014204004,-0.001303538,,0.006557377,-0.015033408,,,0,0.044414536,0.02173913,,0.011254019,0.002797762,0.01568779,0.010855043,0.003700076
31/03/1995,-0.004177303,0.011232176,0.065384615,0.033751878,-0.013806706,0.04530501,0.013487476,,0.015472313,-0.034482759,,,0.013333375,0.026632302,0.025031289,,0.044515103,0.005197927,0.004641254,0.04435817,0.042827713
30/04/1995,0.003495689,0.010526326,0.026474128,0.018067555,0.0505,-0.004046399,0.011161536,,0.040898156,0.072599532,,,0.030701849,0.011924686,0.041514042,,0.02739726,0.003194872,0.031808543,0.021751167,0.024121439
31/05/1995,0.063632141,0.051666673,0.027549824,0.035944525,0.045375218,0.050379198,0.044699175,,0.010785824,-0.03220524,,,0.034042655,0.022534629,0.044548652,,0.05037037,0.004796176,0.040590135,0.032512773,0.041725888
30/06/1995,-0.013755459,-0.036251997,-0.00855676,-0.011530759,0.026559417,-0.003696063,-0.039651669,,0.012957317,-0.027636774,,,-0.004115238,0.048321876,0.012345679,,-0.022566996,0.003993613,-0.03576215,-0.018293597,-0.008186337
31/07/1995,0.043834403,0.018379287,0.046029919,0.039303752,0.038734477,0.041583988,0.017712489,,0.052671181,0.090487239,,,0.038842769,0.039344262,0.031042129,,0.064935065,0.004392947,0.058010241,0.051550328,0.048147784
31/08/1995,0.000848356,0.021739139,0.01320132,0.009795597,-0.007828067,0.037438913,0.018651619,,0.013581129,0.085106383,,,0.016064307,0.038782706,-0.005376344,,0.02303523,0.004790452,0.024821959,0.01365386,0.020436861
30/09/1995,-0.01229074,-0.006021695,0.002171553,0.002413793,-0.012480275,-0.003512974,-0.004956557,,0.004231312,-0.009313725,,,-0.003952581,0.003036799,-0.015135135,,-0.005298013,0.004788499,-0.021724464,0.002865945,0.001010565
31/10/1995,-0.024458271,0.011484826,0.002166847,-0.004546685,-0.016124346,-0.031247496,0.011310361,,-0.007022472,-0.045027214,,,-0.015873064,-0.011398041,-0.00219539,,-0.015978695,0.004385958,0.010896552,0.006501393,0.005965492
30/11/1995,0.03914669,0.036496341,0.017297297,0.020360626,0.025247305,0.022496071,0.039983775,,0.048797737,0.055440415,,,0.020161352,0.081066475,0.04290429,,0.02165088,0.003587098,-0.012552872,0.018455423,0.017972813
31/12/1995,0.042962963,0.014084525,0.011689692,0.006226024,0.013392857,0.025479253,0.014765699,,0.0229265,0.048600884,,,0.007905164,0.001333111,0.016877637,,0.006622517,0.003987211,-0.005665331,0.003833287,-0.001613192
31/01/1996,0.071022727,-0.001956195,0.013130252,0.023358398,0.057837147,0.035810065,0.000109818,,0.051417271,0.080524345,,,0.035294199,0.052754202,0.036307054,,0.011842105,0.003987258,0.025569761,0.010275637,0.012926391
29/02/1996,-0.015157257,-0.029792217,0.003628823,0.002702703,0.054271897,-0.003274444,-0.035522126,,0.011912226,0.024263432,,,0.011450415,0.017704711,0.013013013,,0.020806242,0.003985645,0.012466125,0.016562436,0.013647643
31/03/1996,0.015390535,-0.00929293,0,-0.004058472,0.02675841,0.001680801,-0.010929584,,0.026022305,0.009306261,,,0.018867713,0.01786269,-0.001976285,,0.039490446,0.004382478,0.023286938,-0.008315306,0.001486274
30/04/1996,0.052103069,0.022369509,0.03822314,0.036601232,0.027550261,0.051483487,0.02181295,,0.032004831,0.082984074,,,0.044444585,0.026857928,0.030693069,,0.052696078,0.003187244,0.045579388,0.035857932,0.043823658
31/05/1996,-0.045380875,-0.001215569,-0.019402985,-0.016750553,-0.012801932,-0.016611055,-0.005350907,,-0.031597425,0.025541796,,,-0.00709222,-0.00921385,-0.012487992,,-0.015133877,0.003985654,0.010194509,-0.000394867,-0.002425358
30/06/1996,-0.001131862,0.015415827,-0.03805175,-0.020780934,0.013579643,-0.012170834,0.016252336,,-0.004833837,-0.027924528,,,-0.017857196,-0.019949003,0.000972763,,-0.040189125,0.003585646,-0.030398712,-0.034037791,-0.028336687
31/07/1996,-0.058545798,0.008924931,-0.008438819,-0.007202373,-0.037175619,-0.018145161,0.01003009,,-0.042501518,-0.090450311,,,-0.032363504,-0.054484236,-0.02526725,,-0.023399015,0.003585669,-0.063916736,0.003816794,-0.009318378
31/08/1996,0.01885657,0.008443915,0.037765957,0.023510844,0.018929422,0.05392045,0.004689396,,0.017121116,0.09475032,,,0.022727073,0.047264487,0.011964108,,0.041614124,0.003984079,0.009618008,0.040127648,0.046855948
30/09/1996,0.03721205,0.022328566,0.008200923,0.004741089,0.009965551,0.007937653,0.022568777,,0.018703242,0.017933723,,,0.014814863,0.025811437,0.00591133,,0.006053269,0.003185968,0.006958989,0.003198642,0.020216306
31/10/1996,-0.033219438,0.013064124,0.002033554,0.002666668,-0.029236204,-0.004367125,0.016646977,,-0.041615667,0.001148985,,,-0.014598587,-0.023655266,-0.000979432,0.008385744,-0.018050542,0.004780882,0.002683843,0.010866736,0.00440349
30/11/1996,0.039073238,0.02774522,0.02435312,0.020270342,0.011293763,0.00381103,0.024720051,,0.021072797,0.051644989,,,0.011111146,0.031944444,0.008823529,0.041580042,0.012254902,0.00274789,-0.037071734,0.030447377,0.019322887
31/12/1996,0.011148904,0.00114066,0.021792967,0.009933738,-0.010299045,-0.008524355,-0.001185567,,-0.023764853,0.008730447,,,-0.003663016,-0.020487513,0.022351798,0.005988024,0.027845036,0.003985659,0.015079917,0.019927536,0.011230585
31/01/1997,0.061670716,0.008092505,0.008240427,0.022855807,0.082497492,0.056282061,0.003664138,,0.054452274,-0.007933646,,,0.044853059,0.095572519,0.057984791,0.107142857,0,0.004384224,0.028684877,0.024131806,0.027804033
28/02/1997,0.005632811,0.036314992,0.022596154,0.018810186,0.010308084,0.018878249,0.029154669,,0.006075334,0.037077426,,,0.003546109,-0.008639911,0.00359389,0.025089606,0.00942285,0.004183264,0.015706109,0.018479756,0.006590543
31/03/1997,-0.047960791,-0.028402817,0,0.002733119,0.035767511,-0.031484962,-0.024131901,,-0.006038647,-0.006659657,,,-0.003533579,-0.012088839,0.017009848,0.019230769,-0.002333722,0.003385105,-0.029550518,-0.001585437,-0.003730491
30/04/1997,-0.036219893,0.011560694,0.025858016,0.002698413,-0.012174875,-0.005753102,0.008703666,,-0.009113001,0.010938603,,,-0.007092221,-0.030307342,-0.00528169,-0.030874786,0.007017544,0.00478404,-0.011748025,0.017526319,0.011309797
31/05/1997,0.064097673,0.028571429,0.008707608,0.015822818,0.035070028,0.054238706,0.028068216,,0.063151441,0.035951134,,,0.028571515,0.071166544,0.020353982,0.03539823,0.011614402,0.003587596,-0.012570882,0.016010635,0.009672057
30/06/1997,0.007171029,0.020474725,-0.009541118,0.002187738,0.029118857,-0.005819336,0.016045421,,0.028835063,-0.020552561,,,0,0.019452055,0.017346054,-0.013675214,-0.001148106,0.003985953,-0.050992873,-0.009614291,-0.007708427
31/07/1997,0.004805981,0.020610982,0.023394495,0.024539498,0.037235721,0.00891313,0.018464529,,0.010650224,0.00378397,,,0.017376315,0.10185434,0.031543052,0.013864818,0.017241379,0.00354897,-0.00298921,0.028950543,0.03046987
31/08/1997,-0.158724535,-0.006851787,0.027341999,0.006838905,-0.048778014,-0.025184599,-0.005438931,,-0.064891847,-0.039067855,,,-0.01030907,-0.003902439,-0.027272727,-0.011965812,0.035028249,0.004387397,0.029177331,0.020264612,0.01200322
30/09/1997,0.031796168,0.042163855,0.10122164,0.073169596,0.086567164,0.066008386,0.040007675,,0.034994069,0.032810271,,,0.055555476,0.043829579,0.090909091,0.043252595,0.094978166,0.005186908,0.050234475,0.090501204,0.086569755
31/10/1997,-0.261632653,0.001412931,-0.057448494,-0.040367432,-0.077217425,-0.060208095,9.22509E-05,,-0.103151862,-0.16609116,-0.065625,-0.058128079,-0.062499956,-0.099225897,-0.053738318,-0.04145937,-0.047856431,-0.000451919,0.011027671,-0.041495233,-0.042665069
30/11/1997,-0.042288557,0.003880086,0.011769651,0.008664649,0.000956938,-0.006548302,6.87E-03,,-0.006389776,-0.031055901,-0.133779264,-0.15167364,-0.014035131,0.01484375,0.011522634,-0.017301038,-0.011518325,0.004283584,-0.013650964,0.005653562,-0.000903845
31/12/1997,-0.0002886,0.019311392,0.051100956,0.041285027,0.053749734,0.032617559,0.016810957,,0.021864952,0.044871795,-0.081081081,-0.073982737,0.032028565,0.042083654,0.060211554,0.012323944,0.047669492,0.004887819,0.033310719,0.052521993,0.047529576
31/01/1998,-0.09295612,0.015368481,0.026482213,0.022600535,0.052822581,0.038431166,0.018785476,,0.030207678,0.067893661,0.138655462,0.17976032,0.03111733,-0.009726668,0.035303147,0.086956522,0.023255814,0.006915348,0.029545007,0.033976261,0.037201887
28/02/1998,0.191915977,0.007911953,0.058529072,0.044572131,0.084258905,0.064638783,0.005217776,,0.07574832,0.017234776,0.051660517,0.032731377,0.060606008,0.055576278,0.069681245,0.0736,0.08201581,0.007201732,0.039219438,0.064619505,0.075449946
31/03/1998,-0.032576769,0.012969271,0.041833394,0.037346914,0.063935005,0.043690476,0.014032464,,0.028960818,-0.048569277,-0.105263158,-0.08852459,0.034920744,0.030977621,0.053361053,0.098360656,0.058447489,0.006778308,0.07787187,0.045511726,0.048895241
30/04/1998,-0.073971847,0.006825931,-0.002444134,0.004917065,0.022244356,-0.009695449,0.00472844,,-0.004415011,0.017411951,0,-0.016786571,0,0.001599452,0.030921053,0.063772049,-0.008628128,0.003564342,0.002903501,-0.009539771,-0.000567795
31/05/1998,-0.116542474,0.016949173,0.03640182,0.028220755,0.099626502,0.060354757,0.013643625,,0.027716186,-0.047063399,-0.047058824,0.009756098,0.033742433,-0.002737538,0.068283344,0.084183673,0.040034813,0.003173638,0.073796549,0.013926851,0.030053403
30/06/1998,-0.110323887,-0.000713183,-0.043904086,-0.028018404,-0.03175072,-0.034271128,0.000255569,,-0.031823085,-0.064489796,-0.008230453,-0.026570048,-0.029673676,-0.024476724,-0.020310633,-0.037647059,-0.066108787,0.004387702,-0.056830197,-0.029011553,-0.013733385
31/07/1998,-0.032612818,0.006756756,0.00176616,0.004923845,0.042858232,-0.028569822,0.009879487,,0.027855153,0.032722513,0.004149378,0.05707196,-0.00425042,-0.000937976,0.033536585,0.053789731,-0.010752688,0.006354265,-0.049885096,-0.000176274,0.00413824
31/08/1998,-0.14621717,0.020134226,-0.097320169,-0.082059343,-0.151809872,-0.161929022,0.030149694,,-0.132791328,-0.140261935,-0.123966942,-0.085680751,-0.114197444,-0.086140124,-0.120353982,-0.146171694,-0.133152174,0.003551687,-0.127426111,-0.113584274,-0.105480062
30/09/1998,0.109733701,-0.000660051,-0.0828125,-0.034369966,-0.099922407,-0.037579442,0.029799427,,-0.030625,0.085012285,-0.018867925,-0.0436457,-0.034843307,0.001412611,-0.051643192,-0.063858696,-0.040752351,0,-0.073355419,-0.064293173,-0.083053169
31/10/1998,0.213487795,-0.013333343,0.074957411,0.044296068,0.113697318,0.056847545,-0.008665236,,0.085751128,0.091485507,0.158653846,0.127516779,0.057761655,0.058989484,0.064356436,0.030478955,0.050108932,-0.001196649,-0.005253174,0.048570518,0.095328626
30/11/1998,0.103648142,0.040540545,0.045562599,0.045312591,0.089532984,0.059223037,0.026463512,0.062745098,0.093824228,0.073029046,0.058091286,0.05952381,0.058020658,0.110801647,0.057807309,0.063380282,0.046680498,0.005204271,0.029265073,0.045357794,0.079779321
31/12/1998,-0.012357121,0.018871079,-0.007199697,0.00533454,0.009393748,0.01096435,0.019570313,0.009225092,0.019543974,-0.010440835,0.050980392,0.053932584,0.012903037,0.021476071,0.010050251,0.02384106,-0.010901883,0.003228407,0.02850424,-0.007078102,0.008611287
31/01/1999,-0.015639662,0.016129038,-0.001908397,-0.000114507,-0.013294752,0.018202575,0.01612965,0.02559415,0.042066028,0.05978898,0.014925373,-0.008528785,0.008504674,0.045784418,-0.023631841,0.033635188,-0.02004008,0.005631531,0.036167117,0.00068356,0.014628038
28/02/1999,0.000953289,-0.009523803,0.04665392,0.018007129,-0.008480621,0.025040488,-0.02371616,0.007130125,0.024527338,0.010693215,-0.003676471,0.08172043,0.019108338,0.01081743,-0.001273885,0.016270338,0.071574642,0.005290064,0.052022735,0.040009758,0.043812409
31/03/1999,0.083809524,0.005687013,0.028498356,0.024065878,-0.009832134,0.020478853,0.004943421,0.008849558,0.028927681,0.017147027,0.143911439,0.174950298,0.043750135,0.026350328,0.024872449,-0.014778325,0.044847328,0.005640627,0.044238225,0.040816327,0.032514645
30/04/1999,0.180433509,0,0.05044405,0.03674277,0.041575846,0.05228369,3.84305E-05,0.010526316,0.039263209,0.090028694,0.04516129,0.055837563,0.056886185,0.038953374,0.036714375,0.06125,0.082191781,0.003605774,0.073528517,0.048005409,0.042577556
31/05/1999,-0.02630273,-0.019354841,-0.047345282,-0.035812909,-0.037978608,-0.006224888,-1.82E-02,-0.020833333,-0.053171642,-0.054952287,-0.033950617,-0.050480769,-0.033994436,-0.028309032,-0.030012005,-0.023557126,-0.052320675,0.002395202,0.005783296,-0.016258065,-0.046829755
30/06/1999,0.218654434,-0.004525517,0.025204118,0.018366703,0.043264583,0.042879107,-0.007906376,0,0.030541872,0.073467967,0.108626198,0.144303797,0.064516124,0.074442171,0.02289604,0.045838359,0.061442565,0.003623194,0.046733187,0.031304652,0.017651372
31/07/1999,-0.052488499,-0.010033433,-0.023199446,-0.015787562,-0.018611476,0.024298351,-0.008008837,-0.007092199,-0.033938815,-0.024975673,0.069164265,0.069321534,-0.001531699,-0.036093226,-0.001814882,0.006920415,-0.025167785,0.001203371,0.041900043,-0.01318467,-0.005249884
31/08/1999,0.027146325,0.013513506,0.0067352,0.01469496,0.008498584,0.013540167,0.011493796,0.005357143,0.003958436,-0.006320692,0.059299191,0.115862069,0.024930826,-0.01053721,0.017575758,0.048109966,0.04130809,0.002812885,0.037578828,0.017313228,0.016971077
30/09/1999,-0.082079931,-0.024789951,-0.057394366,-0.044764261,-0.040730337,-0.02708673,-0.026383046,-0.014209591,-0.073928043,-0.00903917,0.045801527,0.061804697,-0.016216266,-0.059522678,-0.026206075,0.008743169,-0.076859504,0.002826017,-0.022467992,-0.053209459,-0.045891631
31/10/1999,0.031132959,0.013840834,0.001867762,0.005408262,0.040832927,-0.000702779,0.017688394,0.010810811,0.084619478,-0.025,0.051094891,0.015715949,0.019230829,0.04721464,-0.008562691,-0.013001083,-0.003581021,0.003220619,0.020894914,-0.005976806,0.035034394
30/11/1999,0.127582293,0.01023891,0.043997017,0.038338124,0.090418881,0.155693806,0.01202381,0.01426025,0.046123651,0.062370062,0.090277778,0.085386819,0.094339719,0.086020467,0.026526835,0.243688255,0.055705301,0.002817102,0.209464856,0.045005833,0.077331273
31/12/1999,0.112140125,-0.004812741,0.020357143,0.026405726,0.115960725,0.101390254,-0.005764028,0.003514938,0.070825516,0.044031311,0.06581741,-0.082365364,0.083743743,0.038136723,0.057091346,0.251544572,0.04,0.004042014,0.154243025,0.016831981,0.042609153
31/01/2000,-0.024076756,-0.013745721,-0.101155058,-0.059728546,-0.044248924,-0.016405287,-0.015657044,-0.010507881,-0.03066141,-0.079662605,-0.061752988,-0.01150748,-0.021017521,-0.051892447,-0.067652075,0.140338505,-0.087561375,0.008454118,0.055962811,-0.079008488,-0.079029447
29/02/2000,0.005008347,0.027874574,-0.012850467,0.008193096,0.165703534,0.02104308,0.026283104,0.015929204,0.027564392,-0.04921928,0.048832272,0.010477299,0.06293692,0.036578757,0.07804878,0.257884972,-0.017040359,0.004244362,0.098543854,-0.005272811,-0.019572688
31/03/2000,0.046327058,0.002119224,0.087968442,0.032809044,-0.043175006,-0.012145578,0.003201249,0.003484321,0.067722076,-0.029275259,0.002024291,0.035138249,0.004385979,0.098022131,0.027714932,-0.048672566,0.057481752,0.004419451,-0.067509248,0.060843512,0.057807579
30/04/2000,-0.098782854,-0.003424659,0.003625816,-0.013487152,-0.036508223,-0.048794071,0.005020041,0.001736111,-0.03830313,-0.026112541,-0.056565657,-0.049526989,-0.050218342,-0.013648627,-0.028618602,-0.072351421,-0.012942192,0.003599988,-0.118016529,-0.000477949,-0.029389166
31/05/2000,-0.029359953,-0.003436427,0.034320809,0.024289345,0.058963296,-0.006395244,0.002749168,-0.017331023,0.008993576,0.011706949,-0.040685225,0.028688525,0,0.012389381,0.074787535,0.005013928,0.018356643,0.004398636,-0.081334333,0.029864371,0.026123095
30/06/2000,0.059286146,-0.000335492,0.014320643,0.018409024,0.020784128,0.059151482,0.005792177,0.010582011,0.043293718,0.139977604,0.047321429,0.039271485,0.032184006,0.005085823,0.036373221,0.028824834,0.025751073,0.004016081,0.070583435,0.006247098,0.001350048
31/07/2000,-0.014658291,0.006992998,0.004820937,-0.002780026,-0.014634429,0.006205332,0.000614274,-0.003490401,-0.016680228,-0.009168304,-0.118073316,-0.142935378,-0.01059356,-0.017631246,-0.012716175,0.015625,-0.0041841,0.004799977,0.02972561,0.005579093,0.02932396
31/08/2000,0.053323029,0,0.060657985,0.046096938,0.042500734,0.067752637,-0.002033534,0.001751313,0.062060405,0.03172505,0.106814886,0.226837061,0.088036065,0.095291751,0.042246265,0.097612732,0.051260504,0.005512046,0.151739452,0.041089605,0.045609768
30/09/2000,-0.114269993,0.019619276,-0.036833603,-0.030391032,-0.089588378,-0.004899422,0.005190311,-0.006993007,-0.044020257,-0.089045484,-0.072707424,-0.0296875,-0.043568452,-0.051656992,-0.05338606,-0.07878202,-0.049560352,0.004004796,-0.029562982,-0.019954321,-0.035075161
31/10/2000,-0.07869124,0.006896546,0.036229453,0.005104287,-0.035625928,-0.026619166,0.009829795,-0.01584507,-0.02404238,-0.014767932,-0.073228161,-0.064949007,-0.036876315,-0.06167674,-0.000522193,-0.080272823,0.0058873,0.00438771,-0.121854305,0.02980498,0.021745178
30/11/2000,-0.013935716,0.03160617,-0.021689867,-0.023593832,-0.025012827,-0.050335156,0.022990683,-0.017889088,-0.005010438,0.045681656,-0.015497967,0.011481056,-0.036035987,-0.056151941,-0.008359457,-0.104962921,-0.027591973,0.002541708,-0.077300151,-0.00301731,-0.066524482
31/12/2000,-0.044677456,0.002052094,0.023494375,0.039041025,0.024667807,-0.03351665,0.003443297,0.018214936,-0.025178347,0.041296928,-0.145290323,-0.152667423,-0.004672911,-0.030446194,0.034246575,-0.010197578,0.029234738,0.0036072,0.044135676,0.016486142,0.016187837
31/01/2001,0.154617037,0.006767091,0.015842224,0.02032139,0.039738075,0.052063264,0.003431481,0.041144902,0.030133448,-0.026220911,0.039251208,0.063630275,0.030877343,0.066684714,0.020376974,0.045717965,0.039264829,0.003993617,-0.001565558,0.012340359,0.025162648
28/02/2001,-0.037404422,0,-0.035327817,-0.044823619,-0.105334651,-0.059793024,0.003088803,0.008591065,-0.049728374,0.017165937,-0.074084834,-0.042191436,-0.052631579,-0.137721005,-0.066899651,-0.126847291,-0.022508039,0.003991619,-0.098392787,-0.022522348,-0.061129258
31/03/2001,-0.118291112,0.005277729,-0.036621577,-0.052406605,-0.071980676,-0.096344612,0.000769823,-0.01362862,-0.066402814,-0.089013898,-0.016316285,-0.01183432,-0.067632886,-0.089669381,-0.08400214,-0.124823695,-0.063322368,0.002805605,-0.109130435,-0.012945881,-0.064512922
30/04/2001,0.022400779,-0.010130505,0.048630137,0.045137446,0.085149104,0.061904762,-0.014871795,-0.008635579,0.066886481,0.10570287,0.06539075,0.071190951,0.059585493,0.093760103,0.061331776,0.017727639,0.048287972,0.004396494,0.096144461,0.031325205,0.054723196
31/05/2001,-0.002857823,0,0.003592423,-0.009143168,-0.042351974,0.009582252,-0.008068714,0.006968641,-0.02384106,0.029894875,0.014371257,0.072670807,0,-0.007981082,-0.030820033,-0.015835313,0.028475712,0.003908267,-0.009349955,0.005833625,-0.015262946
30/06/2001,0.002388345,0.001976313,-0.011389522,-0.026069344,-0.039573494,-0.048298111,0.000112456,-0.038062284,-0.028493894,-0.032216906,-0.054899646,-0.053850608,-0.034229763,-0.014104092,-0.032935832,-0.109412711,-0.023615635,0.003205125,-0.073707865,-0.011908905,-0.047316998
31/07/2001,-0.061710746,0.024150651,-0.03522054,-0.029591683,-0.034796215,-0.074625399,0.018590705,0.007194245,-0.049348231,-0.052406065,-0.116801999,-0.097919217,-0.04882903,-0.048660085,-0.030534351,-0.119241192,-0.030025021,0.003993621,-0.09995148,-0.014635101,-0.031786942
31/08/2001,-0.053580498,0.020192376,-0.008870693,-0.015947982,-0.044851011,-0.026438734,0.016521931,0.005357143,-0.013712047,-0.008347826,-0.06824611,-0.067842605,-0.026738049,-0.094567404,-0.032101757,-0.10974359,0.003439381,0.003874125,0.002695418,0.005242048,-0.016193434
30/09/2001,-0.134156158,-0.014918244,-0.117039587,-0.097804905,-0.137719227,-0.158032501,0.00119457,-0.047957371,-0.102780536,-0.067695545,-0.078178368,-0.102620087,-0.104395541,-0.139064327,-0.11514393,-0.186635945,-0.156812339,0.00320128,-0.222043011,-0.07853672,-0.104678692
31/10/2001,0.062286954,0.027119412,0.0417154,0.046083229,0.059424501,0.053432642,0.023537494,0.041044776,0.027116768,0.021444695,0.028818444,0.067315491,0.036809711,0.051080016,0.048797737,0.090651558,0.024390244,0.003589948,0.080856945,0.035969989,0.042246427
30/11/2001,0.167473746,-0.003285675,0.047155689,0.04737153,0.095249049,0.05250538,-0.003073228,0.008960573,0.059806034,0.066777164,0.010004002,-0.027963526,0.050296015,0.107922968,0.057316251,0.097922078,0.051587302,0.003353533,0.131074169,0.027892733,0.042346261
31/12/2001,0.051373029,-0.015373979,0.009292352,0.018653229,-0.008829041,-0.016764998,-0.02168521,-0.014209591,-0.023284189,-0.000621483,-0.084389857,-0.095293934,-0.00281691,0.00025665,0,-0.018334516,0.009433962,0.0027989,0.00508762,-0.000281826,0.008924949
31/01/2002,0.062433158,0.016974947,-0.003895184,-0.013339647,-0.025761391,0.005941065,0.00934444,0.005045045,-0.003123048,0.034064605,-0.048463868,-0.005962153,-0.015478259,-0.017587647,-0.027614796,0.022894325,-0.006542056,0.000558206,-0.058492688,-0.003982925,-0.029927049
28/02/2002,0.006621331,-0.003329682,-0.009242801,-0.013479023,-0.022142845,-0.01269785,-0.000825319,-0.020437433,-0.010703843,0.031271925,0.026375625,0.004780946,-0.008670547,-0.020253104,-0.026824949,-0.021675109,-0.005644403,0.0020048,-0.032855436,-0.007104128,-0.012304595
31/03/2002,0.052911111,-0.015297758,0.047075709,0.041858533,0.067428034,0.048220374,-0.016017238,0.007869693,0.0308756,0.048368808,0.092600798,0.071719007,0.04460649,0.03638765,0.050950263,0.037928958,0.070860927,0.003328356,0.04138357,0.033331433,0.046258438
30/04/2002,-0.022097465,0.003076911,-0.005345761,-0.026457806,-0.054393037,0.000867426,0.006679076,0.003268567,-0.056727422,-0.016934487,0.005271695,0.033742331,-0.027909657,-0.083174522,-0.039117609,-0.047795824,0.000353388,0.004000003,-0.014412811,-0.00231331,-0.029337948
31/05/2002,-0.00222299,-0.002385825,-0.017019224,-0.008948456,0.006305619,0.015047068,-0.001957799,0.003257919,0.00602475,0.042845467,0.066155708,0.053256286,0.004019657,0.00059936,0.000533903,-0.010477583,-0.003620949,0.002788852,0.024192092,-0.011755319,-0.02412071
30/06/2002,-0.098051091,0.011616001,-0.075459134,-0.079779642,-0.096737245,-0.083478446,0.021287416,-0.011185279,-0.119935258,-0.109359457,-0.090049187,-0.066577699,-0.097244009,-0.121304038,-0.08691302,-0.073011574,-0.089877681,0.002398079,-0.099242024,-0.052988576,-0.098190089
31/07/2002,-0.062544966,-0.00320351,-0.079570871,-0.077164833,-0.128934805,-0.096892027,0.006722629,-0.020251779,-0.09771947,-0.117913832,-0.100623701,-0.042891183,-0.090098667,-0.108766281,-0.104828695,-0.132022845,-0.09534476,0.001996005,-0.110828441,-0.050821132,-0.083632949
31/08/2002,2.5582E-05,0.024398615,0.000906096,-0.001108701,-0.018754014,-0.011394484,0.026922941,0.008379888,0.000747384,0.010397882,0.007859454,-0.008215768,0.003498713,0.031669569,-0.017137261,-0.01820964,0.02325331,0.001992058,0.004915267,0.00357956,-0.012810002
30/09/2002,-1.03E-01,0.008050985,-0.088017447,-0.091171701,-0.176615613,-0.10952613,0.013005333,0.005540166,-0.102247267,-0.081795398,-0.062844037,-0.075474856,-0.0910042,-0.116463963,-0.135004982,-0.106296758,-0.097317201,0.002642023,-0.115783326,-0.051304205,-0.123385387
31/10/2002,0.039575427,-0.022616208,0.053151649,0.048545723,0.097525107,0.030836121,-0.009272153,-0.008999082,0.068592604,0.037758478,-0.06020558,-0.085709114,0.038358387,0.072040707,0.097907468,0.045343565,0.017832168,0.001598058,0.000412814,0.029834574,0.077718191
30/11/2002,0.056156337,0.003442345,0.026177113,0.044194527,0.101836092,0.041393081,-0.007473432,0.031319496,0.07537155,0.040449528,0.051041667,-0.011086913,0.045629329,0.060454659,0.063122924,0.041207875,0.026909424,0.001196666,0.07179995,0.014770841,0.056628208
31/12/2002,-0.090384615,0.02368147,-0.037783901,-0.051197117,-0.099742536,-0.044006233,0.020551257,0.013836478,-0.082461336,-0.030105715,-0.066897919,-0.022422422,-0.049645538,-0.102253632,-0.075904605,-0.044704374,-0.028657449,0.002690259,-0.009317009,-0.017813809,-0.068917363
31/01/2003,-0.029512599,0.012529632,-0.087169697,-0.061389069,-0.064317095,-0.039511737,0.013097776,0.010280043,-0.045689284,-0.029658005,-0.050451407,-0.038500922,-0.052984927,-0.047669862,-0.077511791,-0.032203958,-0.077373436,0.002401913,-0.04772268,-0.050584012,-0.093644044
28/02/2003,0.011363302,0,0.005181101,0.002998483,-0.007036392,-0.00679623,0.002037817,0.006666667,0.012927471,0.003296569,0.044742729,0.061341853,-0.000787969,0.023806462,-0.006366969,-0.004332756,-0.01480652,0.002396158,0.000897813,0.006872556,-0.000519325
31/03/2003,-0.038276816,-0.002341135,0.013429801,0.009502963,-0.011854083,-0.024796057,-0.007567928,0.008888114,-0.015730504,-0.026245335,-0.043361884,-0.011539233,-0.001577457,0.034466673,0.003980583,0.034464752,-0.003662541,0.002926892,-0.034901737,0.00491218,0.022897402
30/04/2003,0.036470944,0.009949954,0.072698428,0.075766088,0.13178685,0.070659766,-0.002553077,0.02452928,0.065887674,0.052322433,-0.016228316,0.023652421,0.074249612,0.050888026,0.115752829,0.084973919,0.096209913,0.002001607,0.064554288,0.046920738,0.098691347
31/05/2003,0.052358008,0.030526667,0.056200792,0.046113315,0.038439015,0.061712846,0.029502896,0.013657056,0.029846524,0.062863703,0.025028441,0.023601745,0.055700406,0.016009242,0.040301612,0.072115385,0.079440333,0.002397125,0.110881816,0.049188338,0.045175648
30/06/2003,0.061351906,-0.004231768,0.019892097,0.016224072,0.020019399,0.039728372,-0.013772573,0.017964072,0.022045189,0.029945249,0.061598224,0.057450107,0.022361951,0.027582846,0.002499375,0.014610155,0.028280664,0.002608424,0.057302086,0.013652436,0.009154433
31/07/2003,0.10418573,-0.003067207,0.021725085,0.029815146,0.041895642,0.047235165,-0.011045875,-0.001143791,0.03991399,0.06813004,0.071092525,0.072102611,0.042720447,0.04891081,0.02617801,0.063872255,0.039587457,0.00200242,0.057575348,0.017331303,0.024286956
31/08/2003,0.092839892,-0.006293472,0.02078887,0.02909215,0.026021989,0.047048693,-0.007613873,-0.00196303,0.072305505,0.071706673,0.116642265,0.113484874,0.046542211,0.024776947,0.025591189,0.059903511,0.041386913,0.001598707,0.053482428,0.009906331,0.026423826
30/09/2003,-0.041512296,0.006666658,-0.008595323,-0.012920538,-0.028547787,-0.004728972,0.001791327,0.011801344,0.003495029,0.000410678,0.013986014,0.041826554,-0.00563739,-0.051664804,-0.024636766,0.025161209,-0.006158584,0.003651583,-0.003821192,-0.004914931,-0.012783459
31/10/2003,0.068604625,-0.017475622,0.022768101,0.029844104,0.041152044,0.047182627,-0.021929825,0.004859874,0.05062151,0.061229001,0.012931034,0.088471455,0.044409337,0.025774235,0.052137306,0.067587568,0.039988381,0.00120146,0.027398928,0.011151705,0.01265551
30/11/2003,-0.019989846,0.00136149,0.01557906,0.009755574,0.034289513,-0.002815672,0.003208003,0.011446074,0.016403749,0.000297557,-0.049787234,-0.089740119,0.008574497,-0.002902714,0.024546014,0.021372458,0.012289359,0.001999984,-0.000948204,0.010292096,0.018123984
31/12/2003,0.050206134,0.027192376,0.034590367,0.028954868,0.046233859,0.018650296,0.021834061,0.019126554,0.03941967,0.025165839,0.041200179,0.015241636,0.028373076,0.019832305,0.024483665,0.039362063,0.026211717,0.003098264,0.030608613,0.032863142,0.032478443
31/01/2004,0.033747816,-0.008431049,-0.007122869,0.010993155,0.028739108,0.015542791,-0.007806716,0.009383797,0.01027916,0.003423962,0.009892473,0.087733431,0.020252503,0.012592736,0.033501943,0.045815649,0.025542212,0.00281013,0.053182917,-0.005264798,-0.001203669
29/02/2004,0.009762014,0.009774196,0.030416163,0.016351746,-0.005732396,0.025962135,0.011632639,0.00464828,-0.017618079,0.010641682,-0.020868825,-0.026661281,0.012945853,-0.015666295,0.019009789,0.009261186,0.035130648,0.002401921,0.039731118,0.024417609,0.029602849
31/03/2004,-0.012502953,0.003337778,-0.017547599,-0.010402285,-0.036172631,0.00310666,0.001977941,0.004935225,0.006323249,0.000515036,0.131361462,0.229300685,-0.010508471,-0.012962217,-0.033899485,-0.039076193,-0.022794428,0.00257169,-0.001366623,-0.013545154,-0.017315111
30/04/2004,-0.011943453,-0.013125949,0.027912358,0.014610876,0.032027685,0.009685285,-0.015357334,0.001688152,0.028221656,0.002202076,-0.023452518,0.100326356,0.016934632,0.022048601,0.022984365,0.032725322,0.009071274,0.00280673,0.016158745,0.014704094,0.015896781
31/05/2004,-0.055696816,-0.009530295,-0.013823426,-0.027173636,-0.02501463,-0.028660023,-0.004825172,-0.013788877,-0.027078285,-0.018719324,-0.072440945,-0.121708003,-0.024986489,-0.033416628,-0.031976335,-0.036467532,-0.020976027,0.002399047,-0.025069926,-0.006170668,-0.025957778
30/06/2004,-0.002564431,0.003780064,0.025716018,0.025821215,0.041261766,0.020192915,0.003755933,0.010719279,0.032163743,0.036815168,0.064516129,0.139039301,0.03072461,0.02387909,0.033178114,0.043670477,0.026759948,0.001926061,0.040006376,0.023777753,0.023583129
31/07/2004,-0.023653426,0.002985283,-0.026949023,-0.030323111,-0.043268219,-0.014283544,0.00163282,0.008146326,-0.013010177,0.004796096,-0.060207337,-0.041813628,-0.025309217,-0.036365266,-0.040352113,-0.038743672,-0.036879312,0.002405751,-0.029425287,-0.012843946,-0.029983904
31/08/2004,0.063770024,0.018965516,0.029875281,0.019168754,0.006340493,0.01517565,0.015588385,0.013264217,0.02338684,0.026545708,0.021637675,0.005388103,0.019330555,0.01736488,0.017758861,0.01816423,0.02175451,0.003600007,0.010158429,0.02755804,0.022356774
30/09/2004,0.038204472,0.015566831,0.026267393,0.031499641,0.05368292,0.037220132,0.010500268,0.013692447,0.049080711,0.064906461,-0.028654485,-0.035339064,0.042456766,0.006705477,0.056024227,0.049931384,0.033841094,0.003051051,0.028293039,0.025957338,0.033361598
31/10/2004,-0.006199332,0.010837306,0.009534758,0.01262827,0.02651563,0.012530839,0.009133629,0.010093513,0.024357641,0.018665577,0.005557931,0.01259626,0.018191807,-0.003390959,0.009490646,0.013874925,0.015152784,0.003604347,0.038611604,0.012925982,0.013783112
30/11/2004,0.045725368,0.016638922,0.016243553,0.029545336,0.032323534,0.046156071,0.012592641,0.015870683,0.052003286,0.070436657,0.00085034,-0.018143299,0.046757039,0.012121396,0.038417315,0.055236017,0.038512288,0.005187551,0.043762502,0.018882004,0.0266982
31/12/2004,0.028048104,0.005891994,0.039976271,0.026974936,0.040775509,0.025190039,0.005440767,0.010270505,0.015068682,0.005175159,0.035683942,0.022904564,0.021521897,0.023592268,0.040187585,0.059768819,0.006670372,0.003211561,0.049453118,0.041635267,0.018175659
31/01/2005,0.028305747,0.003067663,0.016827228,0.015645399,-0.008013869,0.029149773,-0.003833022,0.006300115,0.007513012,0.018241118,-0.004922067,0.068310888,0.019563499,-0.004691807,0.008515967,0.024474594,0.025479214,0.003601423,0.048904329,0.010750205,0.028745818
28/02/2005,0.033965131,0.002291327,0.021098887,0.029641579,0.032471065,0.027431421,-0.0036861,0.009533295,0.065630475,0.06941521,-0.003297609,0.003240178,0.051168527,0.017220553,0.038246616,0.045096512,0.053692308,0.002791084,0.03329087,0.015931957,0.029918324
31/03/2005,-0.024523351,-0.005878523,-0.008759614,-0.010510988,-0.010100042,-0.010823165,0.000876254,-0.006624383,-0.016103195,-0.018313294,-0.005789909,0.044408559,-0.013339663,-0.000202743,-0.013873939,-0.029650489,-0.001825084,0.003129193,-0.015862579,-0.005798511,-0.017813201
30/04/2005,-0.019527327,0.008000625,-0.014133079,-0.031321449,-0.048305399,-0.034166205,0.01423476,-0.000425653,-0.069323051,-0.063679554,-0.049084859,-0.004493622,-0.046963792,-0.056460841,-0.053244391,-0.052321611,-0.024208294,0.002798887,-0.036537498,-0.007715444,-0.030802588
31/05/2005,0.084749172,0.018086158,0.038134799,0.045882213,0.056528777,0.043505553,0.015537581,0.001703336,0.068824233,0.068336282,0.042869641,-0.009950007,0.047399178,0.104174023,0.055213938,0.060253985,0.017913356,0.003189786,0.032028778,0.031178855,0.039620469
30/06/2005,0.034073475,0.018410849,0.035801318,0.033964523,0.028107779,0.038887652,0.014764678,0.018704832,0.044105612,0.05335512,0.014681208,0.032061967,0.038269481,0.036717783,0.038970499,0.042898403,0.027906634,0.002727034,0.046279187,0.034407861,0.041716185
31/07/2005,0.085336029,-0.0041614,0.019896018,0.045464289,0.07451216,0.058026453,-0.006887138,0.006120462,0.069592839,0.089515812,0.02604382,0.037573627,0.059294906,0.071183349,0.069876139,0.074692514,0.046346705,0.003198711,0.046841133,0.012737012,0.043623213
31/08/2005,-0.041731763,0.010921948,0.005724213,0.002234424,-0.016969583,0.005602048,0.009715107,0.01244297,-0.003085467,0.013990926,0.05439162,-0.001052969,0.010373802,-0.022146828,-0.006989952,0.001440049,0.030464846,0.002789961,0.019937886,0.007079893,0.018466829
30/09/2005,0.057908763,-0.000635534,0.033073765,0.047482426,0.045878269,0.052747281,-0.000990007,0.003687014,0.068283813,0.082787284,0.104317921,0.047341888,0.044919773,0.038127185,0.029146502,0.036327859,0.035543449,0.003122228,0.020675914,0.024249448,0.035914884
31/10/2005,-0.059258491,-0.002795303,-0.03080887,-0.037269492,-0.043823407,-0.0467055,-0.002787154,-0.000136054,-0.07503712,-0.053426931,-0.011072664,0.01037063,-0.050562859,-0.039760745,-0.056909266,-0.058643102,-0.05215885,0.003194877,-0.029869986,-0.024984278,-0.037033684
30/11/2005,0.094037962,0.012222575,0.043609831,0.045786715,0.060693129,0.074229375,0.010341294,0.007756157,0.055518578,0.063018303,0.074177747,0.046383716,0.053391298,0.081504219,0.058530228,0.058417378,0.043657777,0.003184702,0.059908884,0.035148414,0.060562218
31/12/2005,0.054438125,0.012710522,0.029457196,0.037037041,0.045904333,0.045580478,0.011987459,0.008371591,0.029415038,0.036273971,0.086319218,0.141012375,0.040543342,0.017741993,0.046247725,0.054899949,0.041053246,0.002716318,0.048176803,0.023555893,0.046338112
31/01/2006,0.043175487,0.004360394,0.023796989,0.047149987,0.043423549,0.075348611,0.001549022,0.008168184,0.041330355,0.064967583,0.024287856,-0.018354614,0.061313337,0.024713831,0.085746444,0.093176765,0.060428607,0.00159489,0.070293545,0.031012245,0.07004142
28/02/2006,0.000615199,-0.001260244,0.041165278,0.020810422,0.030213697,0.016612224,0.001304018,0.001461017,0.004152393,-0.000778513,-0.007903981,-0.054947897,0.021617577,0.017923228,0.04702667,0.051992627,0.025437669,0.004378996,0.030523627,0.015018519,0.015967203
31/03/2006,0.02011904,-0.012302841,0.014545724,0.027952095,0.04773555,-0.001735272,-0.012296323,-0.002254642,0.057755264,0.051889365,0.035113603,0.028973607,0.039766396,0.03165796,0.034158416,0.04023926,0.030993985,0.001197593,0.025188995,0.013134639,0.032402336
30/04/2006,0.021966326,-0.01233144,0.003626893,0.013958764,0.006952039,0.013592788,-0.01671164,-0.001196331,0.019938101,0.029420043,-0.017103763,-0.0374677,0.026666724,-0.009520402,0.03037556,0.034907359,0.033229607,0.00398725,0.030312188,-0.003414854,0.020322493
31/05/2006,-0.099929733,0.009781549,-0.047585555,-0.068093057,-0.079607832,-0.088611728,0.0106028,0.003859462,-0.07222027,-0.070397605,-0.089037123,-0.106514015,-0.078234954,-0.070414363,-0.093297293,-0.097261197,-0.081316554,0.003177117,-0.079461457,-0.03099337,-0.062104143
30/06/2006,0.024354542,-0.008072331,0.030049148,0.012537639,0.016450327,-0.005049343,-0.009658407,-0.005037783,0.025752255,0.02404062,0.011142948,-0.056424532,0.019302158,0.030796227,-0.000419229,-0.002921977,0.032841588,0.003032209,0.015103719,0.015916953,0.01620134
31/07/2006,-0.01178568,0.009159007,0.0194566,-0.007772704,-0.005528572,-0.001197677,0.01040693,0.007594937,-0.025441364,-0.016099286,-0.02581864,-0.087005385,-0.014202545,-0.0168289,-0.000605806,-0.029180696,0.009125432,0.001988057,-0.026964246,0.030007813,-0.009357966
31/08/2006,-0.001707683,0.007486968,0.014914153,0.010266715,0.018249165,0.009524605,0.007616874,0.008066649,-0.011020802,-0.013750826,-0.004524887,0.01810535,0.0066495,-0.010133054,0.018231838,0.015671162,0.01263761,0.002777787,0.044583522,-0.003895896,0.015693154
30/09/2006,0.059084827,0.008723761,0.016797687,0.01883987,0.034654355,0.014418993,0.009456771,0.006165552,0.020058504,0.011590229,-0.001948052,-0.006851385,0.016330207,0.048178627,0.013829739,0.008979385,0.006600477,0.003940867,0.037492279,0.025969595,0.017092186
31/10/2006,0.021830876,0.001963062,0.032664379,0.01951945,0.020472337,0.03543876,-0.001758428,0.007692308,0.028540216,0.039408033,-0.016590761,-0.039109262,0.026719605,0.028884384,0.028501739,0.026573076,0.021434869,0.003578532,0.019854736,0.019268166,0.023378604
30/11/2006,0.041020804,0.002579816,0.002753504,0.006071977,0.009091709,0.016887467,0.001791897,0.006469142,-0.000331917,0.003852137,-0.025140589,-0.016998364,0.009183276,-0.010754795,0.018225736,0.027594628,0.011328694,0.002773386,0.022124281,0.010674726,-0.005884073
31/12/2006,0.034334974,-0.008684475,0.029751503,0.028162244,0.034311673,0.042972723,-0.010519933,0.000771307,0.024570025,0.023865397,0.001696641,-0.024112561,0.034657803,0.013369572,0.037783049,0.060598859,0.033445351,0.00307411,0.054570376,0.033059772,0.038429358
31/01/2007,-0.001136498,-0.012533939,0.001586742,0.003704944,0.017033792,0.005169249,-0.015717875,0.000385356,0.009689546,0.009946376,-0.005420054,0.010785824,0.010319762,0.024258087,0.001537758,0.021230114,0.006245484,0.003178386,0.022068779,-0.000794921,0.007797916
28/02/2007,-0.013297935,0.017898569,0.001364196,0.003940361,0.007016787,0.030668009,0.017400778,0.010400616,0.001701062,-0.002326511,0.017711172,-0.001851045,0.003683845,-0.027394065,0.005643622,0.017442817,0.001128494,0.003168316,0.01571069,-0.00607172,-0.000368079
31/03/2007,0.015507135,-0.0097688,0.014304548,0.023859941,0.041044141,-0.006149116,-0.012666748,-0.001779133,0.029381608,0.03918511,-0.02476573,-0.022635541,0.032866098,0.017102122,0.045060659,0.055151221,0.039452785,0.003423592,0.039151755,0.015927711,0.025798788
30/04/2007,0.017801592,-0.004713357,0.02356968,0.032354531,0.069479314,0.05823076,-0.007096374,0.002928071,0.052323591,0.045692337,-0.039121482,-0.058708633,0.041834947,0.040712877,0.062702361,0.058195381,0.036279391,0.001984929,0.034890434,0.007561512,0.024362567
31/05/2007,0.050994794,-0.004666676,0.028000593,0.021946357,0.022572484,0.021172623,-0.008239443,0.002792587,0.032447941,0.050989376,0.003571429,-0.037528903,0.033155731,0.033199123,0.026826187,0.038337116,0.036246016,0.004754353,0.015814111,0.031587877,0.028790722
30/06/2007,0.057134327,-0.014400524,-0.033929013,-0.011823014,-0.023313688,-0.031144429,-0.014066778,-0.012151899,-0.005615241,0.008442941,-0.028825623,-0.022483676,-0.000901353,-0.02550456,-0.034990592,-0.010183678,0.013220106,0.001967477,-0.030132996,-0.042112314,-0.016184501
31/07/2007,0.052425133,0.005829888,-0.026787998,-0.01328964,-0.02489729,-0.015587635,0.023491861,-0.025243465,-0.030712495,-0.027091822,-0.031513375,-0.015943034,-0.020297604,-0.051883898,-0.016761033,-0.027482853,-0.018665338,0.004769474,0.001304808,-0.015015404,-0.034718189
31/08/2007,-0.028623963,0.007500854,-0.006087547,-0.016554654,-0.026216641,-0.033589398,0.01010416,0.011568292,0.002526529,-0.020057965,-0.024593265,-0.037397541,-0.017495404,-0.010959732,-0.027152772,-0.038935317,-0.019620516,0.000791155,-0.051607986,-0.001376888,-0.016317385
30/09/2007,0.105366552,0.001015238,0.000176254,0.025853152,0.052300396,0.042488649,0.003056499,0.012215724,0.043109583,0.062317594,-0.012024825,-0.021287919,0.038894003,0.035108576,0.050176401,0.043277205,0.029242795,0.002506106,0.006273818,-0.014271077,0.024115611
31/10/2007,0.061934779,0.008666048,0.027270524,0.027204766,0.018383988,0.020889747,0.009757149,0.008601874,0.001023251,0.023744404,-0.000392619,0.003806417,0.020448158,-0.018418224,0.011384845,0.029244556,0.046117948,0.007521765,0.058765941,0.041813599,0.053247529
30/11/2007,-0.062611136,0.014541761,-0.049855259,-0.039802696,-0.02636968,-0.062295771,0.020758398,-0.008401222,-0.016156511,-0.041271819,-0.027101335,-0.019027627,-0.040107699,-0.040307864,-0.041815833,-0.072180873,-0.061491362,0.000785864,-0.106263383,-0.046683386,-0.045732272
31/12/2007,0.035837495,0.011000002,-0.007063868,0.018408503,0.033214378,0.0146478,0.011108788,0.001026958,0.024214263,0.048971584,0.004037142,-0.016911714,0.028038886,0.045009675,0.028503197,0.037939559,0.015471364,0.003870333,-0.002940456,0.010302965,0.017913393
31/01/2008,-0.096763769,-0.00700929,-0.094938291,-0.082530236,-0.127515678,-0.081464754,0.005670575,-0.028212362,-0.077575518,-0.078718208,-0.037394451,-0.041707625,-0.080323763,-0.070097509,-0.114560707,-0.139211588,-0.101785141,0.003958812,-0.087845772,-0.064156966,-0.113012827
29/02/2008,0.071827542,-0.013065323,0.025414365,0.035133249,0.033129499,0.049431716,-0.00270183,-0.024808657,0.051626699,0.109753417,0.006265664,-0.017731536,0.066644927,0.025460991,0.046567694,0.081032243,0.045317529,-0.002365911,0.052448809,0.000847272,0.042300521
31/03/2008,-0.042904964,-0.000678877,-0.021453762,-0.025132302,-0.023386743,-0.043146019,0.007302924,-0.00338295,-0.017487291,-0.030573842,-0.056039851,-0.019543488,-0.02291472,-0.049870917,-0.0154785,-0.020528625,-0.019257087,-0.000433471,-0.000398225,-0.01563123,-0.014999858
30/04/2008,0.106320725,0.001961599,0.030984082,0.04615696,0.063752137,0.06752458,-0.015903178,0.027970129,0.062708808,0.064915085,0.108619173,0.040474741,0.062382719,0.056647016,0.068962686,0.061970028,0.05780923,0.010366822,0.029708042,0.025236777,0.060535085
31/05/2008,-0.008074262,-0.008894981,-0.002985872,0.013736833,0.022367377,-0.005468015,-0.016546357,-0.013736627,0.02030937,0.070664319,0.004363348,0.031003217,0.035352274,0.014400394,0.028032718,0.000703058,0.02595873,-0.001183892,0.025755817,-0.002765428,0.013874736
30/06/2008,-0.106932232,-0.010355538,-0.083927832,-0.04589235,-0.100345655,-0.081429301,-0.009575304,-0.006428284,-0.080247587,-0.046382678,-0.088862559,-0.075886525,-0.064093427,-0.07973107,-0.055657241,-0.092086114,-0.06006337,0.006525787,-0.057815615,-0.074374357,-0.057808129
31/07/2008,-0.020176757,0.01581535,-0.018206464,-0.036278237,-0.020672196,-0.050657968,0.022782031,-0.017387788,-0.020159497,-0.100239877,0.004334634,-0.016500384,-0.053568744,-0.001018013,-0.038882956,-0.067709485,-0.05965118,0.002391386,-0.070713714,-0.001178433,-0.031738113
31/08/2008,0.02089492,0.019070732,0.051490295,0.027610441,0.015435382,0.001080616,0.026896469,0.010150892,0.070708904,0.046047054,0.034958999,0.024112368,0.047756941,0.094483941,0.025146103,0.023655659,0.036419368,-0.00278331,0.024862303,0.042767126,0.035396525
30/09/2008,-0.157245073,-0.021776107,-0.09425607,-0.106850672,-0.144128364,-0.162278551,0.002293978,-0.044405215,-0.113400023,-0.160788321,-0.050458716,-0.07131972,-0.135052258,-0.117250142,-0.142880084,-0.153422912,-0.125921099,-0.013794882,-0.141741976,-0.088035215,-0.121566184
31/10/2008,-0.193268836,-0.036666462,-0.109124503,-0.138370262,-0.187594594,-0.204734984,0.005939102,-0.125621714,-0.124143426,-0.208346745,-0.085638999,-0.053085002,-0.161994282,-0.101863801,-0.219344262,-0.201546145,-0.155187246,-0.021632672,-0.229308053,-0.075781891,-0.127552665
30/11/2008,-0.033055208,0.013858495,0.007242909,0.003338208,0.016499538,0.001722977,0.049363516,-0.003250447,-0.00363901,-0.035356928,0.06820365,0.103543887,-0.02143672,-0.027701405,0.023279534,-0.02090652,0.001154029,0.016270339,-0.06431846,-0.001495991,0.016924368
31/12/2008,0.148256164,0.037410084,0.061929802,0.095253194,0.173600542,0.065816152,0.056784499,0.021522909,0.102520088,0.127771873,0.152428058,0.120681533,0.104873781,0.074430898,0.138375843,0.09512558,0.070857065,-0.008675174,0.041670709,0.036409058,0.065984209
31/01/2009,-0.037102982,-0.016175444,-0.079825791,-0.055857364,-0.100875198,-0.01967553,-0.044409817,0.013727055,-0.058833273,-0.050115376,-0.07530238,-0.022139704,-0.04608108,-0.024308311,-0.055266546,-0.011027649,-0.033622491,-0.029362413,-0.039631165,-0.061809065,-0.039941952
28/02/2009,-0.062612172,0.021344718,-0.067883425,-0.055246405,-0.084146378,-0.078057715,0.020981112,-0.042827901,-0.070852839,-0.085742635,-0.132911392,-0.146808053,-0.072460831,-0.093203568,-0.057136626,-0.042259211,-0.053924781,-0.006914433,-0.006352439,-0.03646763,-0.062841752
31/03/2009,0.135256661,0.008011158,-0.025492992,0.037755216,0.06435468,-0.008998782,0.024649293,0.014640566,0.049094628,0.06777441,0.082725061,0.112109506,0.052748769,0.056772998,0.0489187,0.040833544,0.026733153,-0.020170456,0.034990972,-0.025682853,0.00101214
30/04/2009,0.134333316,0.012680282,0.085688794,0.06312763,0.096610012,0.138790779,-0.019899722,0.067931258,0.084097638,0.085377821,0.089438202,0.044929397,0.09344604,0.091150843,0.105622933,0.105374078,0.11777403,0.01658451,0.206667295,0.077866886,0.07507678
31/05/2009,0.045290712,0.02687802,0.03159002,0.023672723,0.005446569,0.095984283,-0.00861452,0.084105055,-0.015787896,0.027980496,0.030940594,0.047477959,0.01791029,-0.044114597,0.025079777,0.02441886,0.062639551,0.022045837,0.028173967,0.023160564,0.043580162
30/06/2009,-0.014687025,0.026510065,-0.020107068,-0.017960516,-0.038593952,-0.003575594,0.010748088,0.020725389,-0.016413415,-0.005073113,0.020008003,0.086167644,-0.009511157,-0.004299063,-0.022958315,-0.02154617,-0.014197285,0.015052952,0.011933718,-0.008956186,-0.04038671
31/07/2009,0.153346457,0.029035445,0.070241618,0.054303486,0.058990755,0.050957553,-0.015712623,0.054191247,0.087152491,0.085546049,0.028246371,0.011051829,0.08815058,0.075960229,0.037735849,0.046309167,0.073794573,0.018368228,0.048711785,0.062760412,0.05079
31/08/2009,0.02015892,0.038806926,0.0748382,0.050734668,0.102603739,0.049988588,0.036979307,0.032144716,0.07526031,0.076027049,0.061045403,0.140344264,0.068302151,0.06517969,0.099544255,0.112641589,0.073551502,0.008808708,0.079790853,0.05488128,0.066650098
30/09/2009,0.066224858,0.015128132,0.042517103,0.053444471,0.0767642,0.079944875,0.003317265,0.037700164,0.050772627,0.064492587,-0.004314995,0.004076686,0.059639903,0.043424524,0.101439791,0.092565827,0.061516166,0.006489514,0.073131903,0.035222217,0.063157565
31/10/2009,-0.032489779,-0.006149247,-0.004121699,-0.01015367,-0.040827714,-0.046181716,-0.006405951,0.012393682,-0.023137255,-0.019602615,-0.068255688,-0.072314276,-0.018085427,-0.018109339,-0.046741929,-0.041527666,0.002353827,0.014504788,0.003183335,0.00031771,-0.002221126
30/11/2009,0.013145802,0.022242823,0.007406197,0.019496067,0.011610995,0.002675805,0.00956689,0.000120019,0.030481161,0.035935821,-0.020155039,-0.039212207,0.027871958,0.015508642,0.009599003,0.034145463,0.007843321,-0.006535961,-0.034320219,0.007631273,0.000283011
31/12/2009,0.061203255,-0.008159576,0.054192118,0.032515245,0.017498143,0.039853181,-0.026368646,0.013320533,0.045579765,0.040914546,0.025712025,0.014404432,0.047958962,0.053594069,0.02267863,0.016538037,0.03676779,0.00675899,0.067347264,0.027227843,0.054652101
31/01/2010,-0.043234138,0.012049117,-0.03763813,-0.033849469,-0.05633695,-0.027230408,0.007061624,0.015513974,-0.035715236,-0.043365478,0.046664096,0.047454336,-0.040580547,-0.021888789,-0.047893106,-0.011588081,-0.030519597,0.00450265,0.014377092,-0.015375903,-0.042202371
28/02/2010,0.061286875,-0.003647423,0.018915679,0.038586306,0.023377255,0.026956511,-0.00254747,0.000349854,0.059779759,0.055072937,0.066322771,0.085742425,0.050941694,0.08004877,0.038593228,0.021599769,0.022254161,0.001222501,-0.017267289,0.010383289,0.031796463
31/03/2010,0.079808526,0.028065892,0.057366976,0.069468111,0.078765599,0.086506396,0.009557662,0.028444859,0.067475716,0.08443096,0.085003455,0.073848781,0.074177401,0.070790829,0.073667074,0.079371361,0.050115652,0.002609174,0.049323858,0.049551924,0.063496951
30/04/2010,0.012848244,-0.002001545,-0.003635105,-0.013235258,-0.060819097,0.005292012,0.001929948,0.00759465,0.002195657,0.015437619,-0.004140127,0.050385093,0.012306792,0.0117788,-0.043479909,-0.022573718,0.006478362,0.000406683,0.035232598,0.00490238,-0.011852016
31/05/2010,-0.057291195,0.007800781,-0.055147424,-0.046691109,-0.079192967,-0.047036085,0.028633157,-0.030824615,-0.054503408,-0.0575161,-0.03837544,-0.046312503,-0.055994934,-0.045051104,-0.08449253,-0.093934198,-0.070374185,-0.004471562,-0.082806591,-0.052171647,-0.060283141
30/06/2010,-0.009381704,0.011015184,-0.036721828,-0.033284439,-0.056917688,-0.026837434,0.017081256,0.001508996,-0.055559847,-0.057311551,-0.051213834,-0.031299603,-0.05052965,-0.096088798,-0.065365136,-0.051097049,-0.04491322,-0.007280902,-0.00523639,-0.02205773,-0.048994831
31/07/2010,0.041324585,0.00980127,0.059827661,0.019389175,0.059029366,0.021773219,-0.004752189,0.030945758,0.030095685,0.033870065,-0.003855591,-0.018792565,0.034222748,0.028477054,0.068269186,0.06812091,0.075201779,0.004944378,0.069762517,0.050187148,0.062787427
31/08/2010,0.00136576,0.040305962,-0.006097875,-0.010858718,-0.049575692,0.00541442,0.048373791,-0.002248454,-0.040384259,-0.008504782,-0.024982407,-0.056518109,-0.021136938,-0.028200723,-0.035681769,-0.035535068,-0.023014339,0.006560069,-0.029212975,0.000764708,-0.02321069
30/09/2010,0.072619767,0.000282814,0.065701934,0.06156273,0.111957869,0.058361759,-0.006247615,0.029633803,0.0755357,0.092800873,0.00685673,-0.00652691,0.082948587,0.060310942,0.110601565,0.140782866,0.086082356,0.000489503,0.131496155,0.045356177,0.098996817
31/10/2010,0.011313966,-0.009887753,0.022615201,0.02047966,0.049732855,0.063451067,-0.021356241,0.014007441,0.022615385,0.036792965,0.025806452,-0.013306609,0.026402604,0.052489878,0.033721966,0.044548154,0.014487842,0.001223486,0.043612584,0.018686709,0.011888556
30/11/2010,0.008572714,-0.017569127,-0.02000095,0.013165427,-0.063324211,0.00262242,-0.005786583,-0.015109001,-0.003986761,0.01004199,0.056254368,0.098973028,0.006311715,0.027931917,-0.042843156,-0.026045898,0.000542843,0.000814661,-0.008362937,-0.018743705,-0.017496263
31/12/2010,0.078666091,-0.006449723,0.073686252,0.054017436,0.089756263,0.049450663,0.00081385,0.015779093,0.082672507,0.102262124,0.0952696,0.123947422,0.086342439,0.070253352,0.097663762,0.117604129,0.081632653,0.001060491,0.082817126,0.046354503,0.088099712
31/01/2011,-0.038388548,-0.005567931,0.001693155,-0.018962531,0.021597698,-0.015831785,-0.018703334,0.015210356,-0.021229102,-0.054965106,-0.029296285,-0.022704431,-0.039126657,-0.021338055,-0.031646041,-0.032417557,-0.022263379,-0.000814646,0.006823508,0.004732357,-0.007462921
28/02/2011,-0.035366262,0.009577962,0.041355841,0.005887135,0.004275728,-0.008860083,0.009718246,0.012007226,-0.004276144,0.021039432,0.030802738,0.024260272,0.004978234,0.013460291,-0.002809962,-0.000530274,0.031807419,0.002853644,-0.017296853,0.011357821,0.006289928
31/03/2011,0.052541413,0.005336493,-0.02261611,0.006235748,0.017520049,0.010870738,0.006739785,-0.005774885,0.024359403,0.040665939,-0.099909448,-0.097617744,0.032008209,0.012902819,0.019068942,0.034679014,-7.64935E-05,0.001628503,0.04463021,-0.00360587,-0.00080495
30/04/2011,-0.00422378,0.013605476,0.029516618,0.006988438,0.033772602,0.043912329,0.010746047,0.008343014,0.005193898,0.002041887,-0.041918176,-0.05365903,0.003938457,-0.020304975,0.025984848,0.024986015,2.76E-02,0.005286692,0.013048214,0.041440073,0.024038361
31/05/2011,-0.004261958,0.015262687,-0.007549361,0.00194859,-0.008014734,-0.029470201,0.012611512,0.002932551,0.000834144,-0.010235367,-0.004900245,0.005771697,-0.007246412,-0.020689467,-0.000996825,-0.012597781,-0.010347651,0.001213593,-0.015469347,-0.006511921,0.005322114
30/06/2011,0.018287513,-0.004914717,-0.014390048,-0.000673459,0.00717817,-0.000401532,-0.001062007,-0.010651629,0.00544057,-0.011228952,0.075272599,0.076195537,0.004322558,-0.000167008,-0.001626076,0.008659205,-0.012411614,-0.001052602,0.012503064,-0.008860986,-0.015085686
31/07/2011,0.005775418,0.021113496,-0.007256096,-0.015408985,-0.063875165,-0.000645344,0.021890932,-0.004010977,-0.050265951,-0.004259871,0.009486425,0.014861262,-0.017461828,-0.035810729,-0.055265593,-0.051828851,0.000723589,-0.000811027,-0.028395333,-2.40393E-05,-0.010636056
31/08/2011,-0.09737989,0.001147773,-0.098296751,-0.061768319,-0.095475517,-0.054108817,0.02444849,-0.056591776,-0.068249042,-0.054751947,-0.080362929,-0.031865726,-0.063704654,-0.079190006,-0.087140506,-0.112117126,-0.098641397,-0.006493503,-0.106728591,-5.20E-02,-0.095025279
30/09/2011,-0.10251462,-0.001146457,-0.049102208,-0.041945991,-0.084416036,-0.05352932,0.019156646,-0.032464615,-0.062007234,-0.086986524,0.048625793,0.059045226,-0.066301347,-0.010190856,-0.070392308,-0.075721415,-0.045302934,-0.003194577,-0.044282127,-0.015119163,-0.047428161
31/10/2011,0.104936556,0.017152503,0.102991321,0.06942337,0.121360834,0.042424934,0.009511516,0.069546035,0.083166889,0.103109856,-0.028897849,-0.077580071,0.06041524,0.078226803,0.108274079,0.098004695,0.070228197,0.004519311,0.086086564,0.075687743,0.111053508
30/11/2011,-0.046401326,-0.003697386,-0.031686925,-0.032091858,-0.090455761,-0.071981077,0.039482244,-0.061658706,-0.060774471,-0.060343177,-0.038408304,-0.013117284,-0.044465188,-0.047401256,-0.075448902,-0.089417424,-0.022066116,-0.003271982,-0.049747111,-0.034974041,-0.036454042
31/12/2011,-0.016814612,0.018555522,0.008247473,0.018635289,0.018772152,0.026625733,0.002589723,0.038292457,0.042565375,-0.000621917,0.034904642,0.018921032,-0.000707767,0.061274636,0.018475126,0.009450021,0.026197921,0.002302628,0.001619912,0.01871732,0.022510764
31/01/2012,0.092795303,0.012557073,0.035718569,0.036528577,0.057680155,0.059844737,-0.004412683,0.046462396,0.033922687,0.063163881,0.016342142,0.045938203,0.069273186,0.012612979,0.055437572,0.087219444,0.048752368,0.005334435,0.09031165,0.035570803,0.039912235
29/02/2012,0.052467375,0.015058565,0.07437002,0.038716202,0.06845283,0.026002133,-0.005621379,0.030451448,0.069489768,0.02942809,0.056790968,0.045534579,0.034313747,0.046628208,0.06220918,0.079687667,0.067451904,0.002040804,0.077556979,0.021551288,0.039063528
31/03/2012,-0.013140559,-0.001648352,-0.015650937,-0.010546109,-0.014562878,0.005111569,-0.006544616,0.002273197,-0.006126118,-0.030243616,0.016510197,0.049258549,-0.035737187,0.018427283,-0.013339122,-0.003467406,-0.022326026,0.003682018,0.028165013,-0.000375164,0.002780498
30/04/2012,-0.02920378,-0.00344686,-0.000744618,-0.012757996,-0.03210083,-0.029564132,0.000700357,-0.004329897,-0.031152574,-0.027860898,-0.064649682,-0.015648685,-0.024707684,-0.010159847,-0.023559058,-0.011034894,-0.000790038,-0.001627357,-0.022250558,0.00999277,0.000396113
31/05/2012,-0.05168425,0.011686143,-0.051942929,-0.039266426,-0.07411316,-0.0534217,0.025238939,-0.01967281,-0.052959961,-0.075724803,-0.057541709,-0.036278817,-0.066058349,-0.018315849,-0.070129445,-0.070315641,-0.070783133,0.002444992,-0.065966788,-0.039005686,-0.0700398
30/06/2012,0.013164553,0.007150715,0.048778232,0.015133962,0.019769775,0.019568836,-0.003711842,0.015420363,0.007314416,0.010035778,0.066112717,0.041028292,0.006125126,0.007850961,0.026872247,0.008758177,0.012641815,0.001549223,0.007609429,0.036425616,0.036000191
31/07/2012,0.012285305,0.036904207,0.002049948,0.014790801,0.039289379,0.010295284,0.015609276,0.02236322,0.029354207,0.000356451,-0.057607591,-0.029389192,0.019278184,0.014644831,0.012612613,0.018436143,0.018165813,0.004477014,0.010254042,0.034154347,0.026008765
31/08/2012,-0.011318782,0.004774525,0.03150022,0.006536101,0.013188347,0.011917431,-0.001264969,0.018211415,0.018160897,0.010923546,-0.030204962,-0.017023256,0.01344675,0.008996071,0.019064565,0.021101931,0.021024916,0.00405185,0.052212875,0.007392308,0.008722617
30/09/2012,0.05401661,-0.002639909,0.001897978,0.012742525,0.012712522,0.026216923,-0.005826226,0.018585132,0.012603803,0.049037858,0.023359288,0.000236586,0.039886097,0.003356876,0.013511266,0.05246341,-0.005080636,0.001704278,0.015381941,0.014276267,0.022696308
31/10/2012,0.014274912,0.006401979,0.00851408,0.008008637,0.026963083,0.014126155,-0.006667233,0.013831666,0.003105665,0.002887473,-0.012681159,-0.028147027,0.003013161,-0.009412415,0.036999057,0.014249339,0.000541607,0.004844565,0.017395584,0.008363316,-0.00106779
30/11/2012,0.025681579,0.019327505,0.015428125,0.012248555,0.02844558,-0.001218056,0.004510282,0.011320755,0.025590789,-0.008145403,0,0.016549844,-0.005035189,0.019147806,0.018274594,0.018780476,0.004755829,0.001205308,-0.006162064,-0.000820588,0.011165135
31/12/2012,0.036926087,0.002337657,0.002390256,0.012408141,0.028076651,0.03052941,-0.005702977,0.017986988,0.022405132,-0.006322834,0.088807339,0.061674009,0.014023661,-0.015482913,0.027929923,0.044545541,0.016047102,0.000482386,0.045856611,0.006228259,0.019929679
31/01/2013,0.069099699,-0.015130075,0.049909802,0.04919528,0.0909445,0.065758723,-0.016051364,0.004793233,0.085995709,0.062185963,0.081563869,0.053941909,0.055552954,0.102885867,0.081286373,0.057617276,0.034390031,0.006430869,0.035287214,0.052583674,0.056476322
28/02/2013,0.047654062,0.007415258,0.035173994,0.026613663,0.031790876,0.028479442,0.003936922,0.004583294,0.04282164,0.038343451,0.054845746,0.080879836,0.03127772,0.046578821,0.037185895,0.05683768,0.015781187,0,0.057791154,0.014683972,0.009235539
31/03/2013,-0.019178355,0.013669826,0.016273967,0.010981644,-0.007492214,0.014011279,0.015837594,0.006610801,0.013708117,0.005971587,0.070605613,0.095811228,0.00077414,0.03616922,-0.00626748,-0.019767017,0.006956961,0.006186472,0.038651984,0.021401136,0.013916992
30/04/2013,-0.0031605,0.023659715,-0.007527972,0.004842256,0.005204307,0.011616841,0.006505001,0.021182129,-0.010428388,-0.02102542,0.056843267,0.048233254,-0.025234641,-0.016046112,-0.001932793,-0.007246377,0.006228745,0.0027844,-0.019425075,0.015018273,0.003525413
31/05/2013,0.006418808,-0.01045385,0.031948096,0.024320359,0.032833525,0.024807286,-0.017375826,-0.011684783,0.035878901,0.013770306,-0.024543081,-0.026264089,0.007953303,0.060868172,0.023510226,0.058519291,0.028816393,-0.000396664,0.052409114,0.008075316,0.047792752
30/06/2013,-0.071791153,-0.035557844,-0.04615441,-0.042798291,-0.036077382,-0.03584543,-0.017575261,-0.025387224,-0.035243845,-0.049258613,0.014186296,-0.007787335,-0.054717707,-0.027444044,-0.035384718,-0.031878005,-0.046025105,-0.007005955,-0.017892541,-0.028598992,-0.044463754
31/07/2013,0.020933658,0.017269858,0.055286521,0.04078,0.047192293,0.04472678,0.008868012,0.019842016,0.03553578,0.029395947,0.020321985,0.042738397,0.035961835,0.039588662,0.051720578,0.073263055,0.056727563,0.006007208,0.055971918,0.04965221,0.059015501
31/08/2013,-0.03614148,-0.008723233,-0.005863607,-0.015834525,-0.013948286,-0.013639328,-0.01481691,0.009497464,-0.03131438,-0.017289646,-0.054061045,-0.045571179,-0.020304613,-0.039773576,-0.009128685,-0.008191437,-0.019071794,0.000398096,0.020710059,-0.024068498,-0.013219181
30/09/2013,0.004464199,0.007733333,-0.001025773,0.014844338,0.004698899,0.005119424,0.00790636,0.011508951,0.003038221,-0.007121793,0.047033087,0.052048607,0.000264425,-0.007376248,-0.008123101,0.006806103,0.009056894,0.00424559,-0.002002931,0.004718515,0.019450352
31/10/2013,0.069762169,0.019789784,0.032693401,0.038540176,0.055393061,0.056931753,0.005872299,0.019595449,0.03923588,0.009183302,-0.003395142,-0.005485706,0.028185705,0.047839322,0.047040415,0.058676085,0.033684502,0.00635677,0.056765709,0.048887655,0.042246719
30/11/2013,-0.03548307,-0.011233015,-0.006942472,-0.006726384,-0.012275257,-0.023298606,-0.012525596,-0.003099814,-0.012805068,-0.025697496,0.013102725,0.010380978,-0.024114972,0.001659024,-0.01163715,-0.012160999,-0.008616065,0.000394797,0.023855109,-0.014158856,0.002481196
31/12/2013,0.000496038,-0.00951123,0.01428597,0.003823666,0.000779656,0.002565765,-0.009662262,0.015369581,0.000413345,-0.002537862,-0.014485256,-0.010986403,0.00154443,0.004805334,0.013800869,0.020844682,0.019106557,0.001977846,0.031955482,0.015186133,0.015893022
31/01/2014,-0.067051167,0.022384968,-0.045691722,-0.031303732,-0.043748017,-0.009112635,0.016283162,-0.002712398,-0.039133514,-0.033385181,-0.035695538,-0.002022834,-0.039458288,-0.024315013,-0.041822682,-0.014407172,-0.009423945,0.002763514,-0.004106386,-0.009759256,-0.032346896
28/02/2014,0.033385579,0.004729371,0.07484853,0.029300358,0.057038042,0.028611766,-0.000284938,0.012896999,0.022175809,0.025671903,0.003538378,-0.013776281,0.028727111,0.024333652,0.056365081,0.050386198,0.047634999,0.003149607,0.027058357,0.038675824,0.053638747
31/03/2014,0.018174717,0.00601465,-0.014882794,0.016147397,0.01127018,-0.011840959,-0.002258227,-0.001039411,-0.001141827,0.009288601,-0.012205045,0.00296095,0.013989994,-0.005917662,0.000438899,-0.001099581,-0.029673211,-0.002395975,-0.037546612,-0.015228354,-0.029162991
30/04/2014,0.017664885,0.001688021,-0.008234186,-0.004441629,0.002806681,0.000143309,0.005010108,0.011878956,-0.002045605,-0.008389866,-0.033498078,-0.027646568,0.000624667,-0.008936455,0.003791677,-0.000859993,-0.012126804,0.007892664,-0.030030431,0.028943388,0.00124539
31/05/2014,0.053940631,0.013065074,0.023095866,0.031327994,0.019405193,0.023041906,0.010123316,0.004113111,0.024075079,0.029441688,0.053693182,0.040541506,0.031711421,0.018565753,0.014890894,0.014184886,0.00423644,0.003523875,0.002372134,0.007584428,0.01902863
30/06/2014,0.001216016,-0.001547596,-0.023382563,-0.006271402,-0.031763535,0.013814893,-0.003614797,0.00708312,-0.021075767,-0.018494988,0.024534915,0.051113934,-0.006498119,0.018142701,-0.028298985,-0.028176664,-0.01577811,0.002427616,-0.031085393,-0.010367023,-0.007245105
31/07/2014,0.029857411,0.009886808,-0.005879971,0.001766756,-0.040842109,-0.000544641,0.004627216,-0.005423269,-0.0030871,-0.008764179,0.012105263,0.007021555,-0.001756523,-0.006588747,-0.040645774,-0.045656199,-0.01441107,0,-0.005263075,0.006135497,0.001878583
31/08/2014,0.026864377,0.014679378,0.021339142,0.008166767,0.019454299,0.016491666,0.025948751,0.006134447,0.013009994,0.02333247,0.003640146,0.027533647,0.022415181,0.031809242,0.009965023,-0.012774524,0.00660891,0.003127426,0.019310279,0.014824828,0.018566263
30/09/2014,-0.038271209,-0.00634518,-0.013801713,-0.001875433,-0.015871893,-0.010659163,-0.004679102,-0.02735202,0.00289809,-0.028249904,0.024352332,0.02417624,-0.029248971,0.011166161,-0.012251699,-0.032071484,-0.044087631,-0.00015587,-0.036847667,-0.021607304,-0.010866895
31/10/2014,0.008008008,0.008293359,-0.009001723,-0.014936921,-0.001514084,0.003412473,0.009783368,0.012101689,0.013914179,-0.001250821,0.005311077,-0.005947612,0.002735064,0.032854498,-0.002613039,-0.030184632,-0.016619217,-0.003523883,0.001920129,0.005200071,-0.022445683
30/11/2014,0.01519771,0.019127775,0.030479367,0.023530543,0.037429639,0.027051519,0.030848275,0.001634409,0.044058797,0.026540176,0.009308176,-0.028396937,0.028973017,0.046047607,0.03919878,0.028556758,0.013643108,0.008251477,-0.017682868,0.015309787,0.01935125
31/12/2014,-0.031742309,0.007507504,-0.018903657,-0.012990369,-0.031190013,-0.010357086,0.019631378,-0.009275163,-0.002355845,-0.014335096,-0.00997009,0.023898408,-0.018037543,0.020033534,-0.023487363,-0.000806421,-0.027311674,-0.000981885,0.022165388,0.003205134,0.007609819
31/01/2015,0.065754881,0.039220392,0.050766855,0.01527953,0.036701234,0.036390732,0.041818799,0.007454924,0.017391956,0.027663744,0.054380665,0.069928327,0.029905474,0.006211067,0.034183007,0.016295158,0.002092127,0.003918495,-0.004154103,0.030799324,0.008650965
28/02/2015,-0.013475983,-0.023574692,0.032148165,0.038491291,0.040633707,0.011963559,-0.036175958,0.023920151,0.026581439,0.021338526,0.077125119,0.034513893,0.016682889,0.017439162,0.045471782,0.045983966,0.042670867,0.004293504,0.041778737,0.011929988,0.046308867
31/03/2015,0.045340631,0.008622813,-0.004773154,0.016515805,0.040419016,0.000978587,0.022552058,-0.002436975,0.043298821,0.016175632,0.050986477,0.052901264,0.024076251,0.039553512,0.029802025,0.021764281,-0.006604138,0.001746398,-0.010450969,-0.001853856,-0.015296608
30/04/2015,0.024173131,-0.013433526,0.01819246,0.0072762,-0.002462876,0.009734336,-0.021996386,-8.42389E-05,-0.022290255,0.00539631,0.013921114,-0.009465747,0.006576627,-0.050433147,0.003463356,0.030677234,0.041338095,-0.003117692,0.035121159,0.01825493,0.039683554
31/05/2015,-0.003448276,-0.000747195,0.02795874,0.021884025,0.019704749,0.011875189,0.002006716,8.93E-03,0.020581923,0.009570805,0.030372374,0.03223194,0.008016359,0.026162738,0.025944017,0.038243675,0.019356153,0.003909287,0.062304732,0.020052697,0.033501677
30/06/2015,-0.082207581,-0.020687944,-0.0488824,-0.035143356,-0.053401245,-0.031285867,-0.01998731,-0.024382098,-0.049900028,-0.071095782,-0.063799717,-0.038443433,-0.061681201,-0.057144528,-0.065486372,-0.036338988,-0.044173496,-0.008302223,-0.006422005,-0.061242785,-0.053083501
31/07/2015,-0.036903778,0.006422586,0.016314999,0.012498882,0.018651458,0.007462966,0.008558595,0.012495721,0.03198418,-0.015775168,-0.010567177,-0.026272846,-0.007648513,0.022512407,0.022026297,0.036096624,-0.021260282,0.005124166,0.012240637,0.018995611,0.008910304
31/08/2015,-0.07555725,-0.001017811,-0.051453456,-0.041214878,-0.044126895,-0.031663386,0.011776035,-0.020625528,-0.054338654,-0.054065884,-0.023975588,-0.024858946,-0.058092403,-0.061809512,-0.044834483,-0.035799444,-0.055195499,-0.004705881,-0.010058344,-0.043419992,-0.063275725
30/09/2015,-0.012323399,-0.000254712,-0.018380796,-0.022119002,-0.021845651,-0.045247446,0.006225959,-0.026065942,-0.019853884,-0.041688242,-0.07012059,-0.019935839,-0.02417066,-0.042142769,-0.008062752,-0.023973897,-0.031622192,-0.003919923,0.002440243,-0.005933514,-0.032484128
31/10/2015,0.064598016,-0.001285312,0.053206544,0.051794393,0.042162388,0.055980012,-0.011566958,0.028181496,0.05179706,0.064758292,0.094380403,0.054828151,0.060464414,0.07926467,0.032261113,0.038533272,0.02708909,0.003572855,0.020143496,0.033828593,0.042062039
30/11/2015,-0.019173833,0.012066756,0.020761302,0.008576803,0.012337272,0.003104054,0.010685592,-0.002154801,0.012929169,0.012179058,0.016019311,0.041061731,0.01015138,0.016689081,0.001403937,0.019788561,-0.007844177,0.001186698,0.011777675,0.011508429,0.013576192
31/12/2015,0.000193737,-0.007102993,-0.018380582,-0.013832661,0.004585482,0.014230926,-0.011026293,-0.027727391,-0.003720649,0.003786828,-0.006695464,-0.009128653,-0.005130465,-1.84578E-05,0.000335253,0.031399522,-0.013291574,0.000857267,2.75843E-05,-0.010319974,-0.005509171
31/01/2016,-0.062883493,0.005090145,-0.036811722,-0.079477057,-0.053273523,-0.058163998,0.034764051,-0.016968728,-0.043456508,-0.038044229,-0.056534029,-0.032580377,-0.054360347,-4.62E-02,-0.03439766,-0.063013434,-0.081055973,-0.006336633,-5.79E-02,-0.023629346,-0.065768763
29/02/2016,0.037925562,-0.003580564,0.007164929,-0.000195669,0.018629205,1.85263E-05,0.009772364,-0.004880253,0.039210192,0.063985153,-0.019359299,0.015575546,0.042446334,0.083462352,0.028492096,0.022932783,0.009772536,-0.004782781,0.007890384,0.005508277,0.006761095
31/03/2016,0.064066656,0.023613966,0.019335806,0.030921782,0.035918986,3.46E-02,0.001164389,0.047679593,0.026226385,0.040108812,0.018331375,0.011974083,0.035226016,0.024988985,0.026383605,0.049542888,0.042799933,0.015450661,0.049978214,0.020575072,0.023807447
30/04/2016,-0.017465693,0.004772603,-0.001620719,0.016998355,0.002273603,0.017571505,-0.011744743,0.01360957,-0.006831319,0.01913632,0.015001154,0.01439879,0.006182058,-0.002945089,0.012583692,0.001056812,0.029802384,0,-0.031138039,0.012804339,0.009144467
31/05/2016,-0.02980104,0.01305877,0.008978118,0.008804337,-0.00403862,-0.003087087,0.012328054,0.003933978,0.004867725,-0.012821643,0.01273306,0.03563249,-0.003719236,0.002138146,0.009652567,0.015579513,0.009983296,0.003958826,0.003340948,0.007987072,0.007196522
30/06/2016,0.078900035,0.009915715,-0.018042718,-0.025758452,0.025980067,0.010676875,0.054009758,0.00902973,0.053127633,0.074476107,0.027615626,0.058347048,0.054316475,0.068338653,0.023973804,-0.006363006,-0.023307692,0.00173796,-0.094003472,0.005415986,-0.048017287
31/07/2016,0.08127781,0.040354277,0.046997258,0.064599095,0.064537378,0.081406315,0.019961668,0.024905023,0.078862724,0.070385077,0.095914354,0.070413295,0.074767507,0.061371527,0.076461855,0.068444078,0.050838781,0.013433423,0.072783816,0.047388208,0.042036829
31/08/2016,0.036623236,0.018747036,0.041326669,0.033926275,0.020890005,0.013591928,0.037209715,0.010955519,0.010782421,0.020921044,0.060207337,0.01897628,0.025675521,0.017662681,0.026682935,0.024953268,0.055386921,0.006627679,0.05295599,0.020376774,0.035150206
30/09/2016,0.035444576,-0.005357563,-0.001119443,-0.021525476,-0.004561663,0.019205117,-0.015279701,0.005703577,-0.011431541,0.017272704,0.012410681,0.060234791,0.006662493,0.01484717,-0.012400537,0.021190366,0.005645705,-0.000201396,0.001571212,0.007027708,0.009381241
31/10/2016,0.050183599,-0.022368339,0.008167276,0.026473765,0.043421703,0.029203992,-0.04892823,-0.002916633,0.05316534,0.023774516,0.110141159,0.096984977,0.059876516,0.079370123,0.024929371,0.033960767,0.041310642,0.001554594,-0.014979454,-0.00990687,0.001569224
30/11/2016,-0.034194456,-0.019309673,-0.027546825,0.014137438,-0.052061979,-0.019308932,-0.012738156,-0.006906638,0.016484646,-0.019465609,-0.011376945,-0.034360575,0.011112974,0.010003495,-0.051045149,-0.036546581,0.002203988,-0.001164131,0.034022522,-0.004784608,0.000683725
31/12/2016,0.014356525,0.014767414,0.028859554,0.033054526,0.053310308,0.023807048,0.016155865,0.025445917,0.023683336,0.02734931,0.024031139,0.039331971,0.036329849,0.039194168,0.044511982,0.049913207,0.046993944,0.004133094,0.019041258,0.027834999,0.039172627
31/01/2017,0.057748937,-0.009028754,-0.01275417,0.01899452,0.016376084,0.022019348,-0.022065779,0.009415144,0.004316729,0.005501454,0.029581887,0.028015267,0.014638439,0.016134545,0.01776702,0.0384876,0.015123118,-0.003495147,0.006219571,0.000632977,0.014312195
28/02/2017,0.024363038,0.02121885,0.052169087,0.024976867,0.001840864,0.031541305,0.030153091,0.01201486,0.03313528,0.019354012,0.046227929,0.047096607,0.026528789,0.033580867,0.00640085,0.021323242,0.017253454,0.010522219,0.045128873,0.023792996,0.023814479
31/03/2017,0.031818842,0.003140848,0.019384615,0.016910567,0.030827202,0.010871548,0.006518599,-0.002108881,-0.001223624,0.03166258,-0.020558454,-0.001400585,0.0073536,-0.007309899,0.030719726,0.022539098,0.010389285,0.001294253,0.019993895,0.007342592,0.013342803
30/04/2017,-0.025767643,0.011896516,0.015178302,0.011592301,0.015525738,0.021746537,-0.001740191,0.003522229,-0.013598867,-0.017710642,-0.026002506,-0.023878848,-0.003735729,-0.026386688,0.011999707,0.037611836,0.003097126,0.003093588,0.078258267,0.007187086,0.024480555
31/05/2017,0.026101635,0.007688614,0.035141373,0.004165342,0.063606618,0.052600866,0.010046007,0.016145386,0.027020686,0.033531857,-0.003216468,0.007930012,0.012735076,0.013166699,0.056515557,0.038753342,0.013091268,0.004240562,0.035074938,0.031230879,0.034477326
30/06/2017,0.006976335,-0.007868386,-0.022924047,0.0164086,-0.003377609,0.000428048,-0.021422344,-7.67578E-05,0.002297739,-0.01518653,0.015811552,0.010502192,0.009017178,0.010835339,-0.009170126,-0.017529215,-0.014659271,-0.001739792,-0.022792023,-0.019526072,-0.022775034
31/07/2017,0.015550877,0.006789267,-0.012710856,0.009788406,0.014332114,0.018884497,0.003509155,4.61E-03,0.001635564,0.015938805,0.022236341,0.021428954,0.014016475,0.001993778,0.022032416,0.032049467,0.014660852,0.001158305,0.051369119,0.007576831,0.000999553
31/08/2017,0.015790198,0.007712704,-0.006281282,0.001517891,0.022649757,0.009917493,0.015273953,0.004890349,0.000669219,0.023563115,0.016003729,0.021836046,0.005255838,0.008173791,0.036447188,0.01779099,-0.001402225,0.00501349,0.004371561,-0.000281143,-0.002650951
30/09/2017,-0.042615718,-0.01243722,0.001983334,0.01691793,-0.00075446,-0.004573922,-0.025127153,0.003269713,-0.015475362,-0.013942822,0.001223429,0.002686148,0.006930329,-0.004026638,-0.005411749,0.001617687,-0.000793675,-0.001216948,-0.010491555,-0.002762505,0.014806292
31/10/2017,0.050771143,0.006604511,-0.000854421,0.008330355,0.026069599,0.03295585,0.002855731,0.008109747,0.046354287,0.043653359,0.048877348,0.044535449,0.02926942,0.035812291,0.014488003,0.016061014,0.0073626,0.000385662,0.035233229,0.021587293,0.011610686
30/11/2017,-0.024539929,0.004855551,-0.005458718,-0.002241129,-0.012420968,0.007850955,-0.002026176,-0.008721149,-0.001272413,-0.004385653,0.001310616,-0.006305644,0.003432062,0.007964018,-0.00187399,-0.036493289,-0.004124462,0.00231302,-0.011404594,-0.009381234,-0.006833456
31/12/2017,0.006533127,0.00676492,0.026210949,0.01448263,0.006248621,0.010844204,0.017339772,0.007811907,0.029120786,0.021402726,0.027486911,0.018461589,0.023094539,0.031046604,0.01735077,0.019957381,0.043273037,0.00140288,0.019340974,0.023564711,0.026806726
31/01/2018,0.007133793,-0.00478451,-0.020472287,0.024058267,0.009696088,0.003268197,-0.01826681,-0.002709211,-0.005962532,-0.01115973,0.010474168,0.009571927,0.014638356,-0.01218169,0.00025455,0.004290785,-0.008318982,0,-0.016330855,-0.006584646,-0.015768073
28/02/2018,-0.012250979,-0.00559611,-0.047930656,-0.013807175,-0.027562525,-0.024319209,-0.002472346,-0.001358286,-0.028301287,-0.024468816,-0.000700378,-0.017715245,-0.022565132,-0.005145521,-0.038024346,-0.015322671,-0.020015306,-0.004626071,-0.021794762,-0.036615461,-0.037642018
31/03/2018,-0.042513855,-0.004648885,-0.031910274,-0.033661109,-0.031583683,-0.022240443,0.01534818,-0.014281396,-0.059297429,-0.049032914,-0.077095599,-0.052655566,-0.044715848,-0.055071741,-0.02385309,-0.043116765,-0.058659218,-0.000612769,-0.022400262,-0.014139708,-0.0112189
30/04/2018,0.044811119,-0.000150738,0.057973705,0.03535673,0.025401154,0.037439183,-0.009095019,0.00674588,0.057654877,0.045699807,0.045109356,0.075787774,0.03852461,0.056127175,0.030782086,0.025877214,0.071280431,0.002334626,0.041355857,0.057451633,0.058921054
31/05/2018,0.013996287,0.004465396,0.031579871,-0.00807764,0.017086105,0.025275037,0.015692858,-0.002284322,0.031153467,0.027419955,-0.019473914,-0.025362145,0.003035248,0.059152437,0.012422769,0.014602425,0.045688757,0.002717409,0.022688824,0.0056764,0.032413045
30/06/2018,-0.044276963,-0.010125953,0.001729074,-0.011987113,0.004249442,0.013299896,-0.00231756,-0.01335572,0.013015489,-0.006315087,-0.023714243,-0.021237198,-0.010582473,0.01577001,-0.000346253,-0.036858792,-0.012874192,-0.001267408,-0.006219049,-0.003051709,-0.007054193
31/07/2018,0.00928165,0.010186291,0.027956989,0.019613485,0.027708725,0.01089794,-0.006410603,0.013304455,0.031308987,0.031983415,0.011689692,0.005993738,0.02495654,0.011714889,0.023423462,0.00108935,-0.003318233,-0.001168218,0.004171978,0.011731507,0.013988636
31/08/2018,0.005395335,-0.004986289,-0.012043052,-0.043005127,0.002052476,-0.001203977,0.000561828,0.000916031,0.023598604,-0.001420071,0.014555822,0.001547756,-0.001167136,0.035911683,0.005499736,-0.010171977,-0.015140988,0.003508771,-0.001972407,-0.021820143,-0.011785294
30/09/2018,0.017128614,-0.004009017,-0.012412755,0.023123092,-0.03320928,0.008597489,-0.010777424,0.002821843,-0.011169655,-0.00921237,0.02765863,0.022266534,0.004737318,0.010428178,-0.012517093,-0.026479937,0.010993856,-0.003319317,-0.010922241,-0.003062491,-0.007806995
31/10/2018,-0.073993359,-0.000484677,-0.06343631,-0.067801495,-0.076469419,-0.067862374,0.006481973,-0.011483763,-0.054441779,-0.057006427,-0.05224525,-0.080835501,-0.055651676,-0.055517822,-0.057477631,-0.077844605,-0.083301835,0,-0.096526656,-0.023905087,-0.06078326
30/11/2018,0.006260378,-0.01371254,-0.033693311,0.007871024,-0.012147042,0.007869769,-0.00911456,-0.014617633,0.035558105,0.023885539,-0.022627183,-0.001821494,0.00795336,0.030480384,-0.011866552,-0.020817804,-0.023280893,-0.006267143,-0.009552267,-0.020057433,-0.02806309
31/12/2018,-0.033293429,0.003604528,-0.050611011,-0.054820259,-0.068835284,-0.069250777,0.015789667,-0.014366021,-0.099465675,-0.06852017,-0.075978869,-0.087414074,-0.076925855,-0.092923632,-0.074684905,-0.058615627,-0.065110086,-0.002854879,-0.055431503,-0.029686055,-0.043709401
